# PHONE_VERSION, <name/build_id>
# APP_VERSION, <version string>
# PARAM,<status>,<0>,<parameter_KEY>,<parameter_VALUE>
# BD,<status>,<0>,<name>,<lower_left_lat>,<lower_left_long>,<upper_right_lat>,<upper_right_long>
# AP,<status>,<0>,<bssid>,<ssid>,<latitude>,<longitude>,<altitude_m>,<height_above_floor_m>,<error_m>,<floor-label>,<building_name>,<place_label>
# GT,<status>,<timestamp_ms>,<latitude>,<longitude>,<carry_height_m>,<error_m>,<place_label>
# RTT,<status>,<timestamp_ms>,<bssid>,<rssi>,<distance_cm/m>,<distance_std_dev_cm/m>,<rtt>,<rtt_std_dev>,<frames>,<success_frames>,<burst_duration_ms>
# LE,<status>,<timestamp_ms>,<latitude>,<longitude>,<carry_height_m>,<error_m>
# FLP,<status>,<timestamp_ms>,<latitude>,<longitude>,<altitude_m>,<error_m>
# INIT_TIME,<timestamp_ms> (init time for FLP, LE, RTT records)
# ACC,<status>,<timestamp_ms>,<event_time_ns>,<ACC_X>,<ACC_Y>,<ACC_Z>
# GYRO,<status>,<timestamp_ms>,<event_time_ns>,<GYRO_X>,<GYRO_Y>,<GYRO_Z>,<GYRO_DRIFT_X>,<GYRO_DRIFT_Y>,<GYRO_DRIFT_Z>
# MAG,<status>,<timestamp_ms>,<event_time_ns>,<MAG_X>,<MAG_Y>,<MAG_Z>,<MAG_BIAS_X>,<MAG_BIAS_Y>,<MAG_BIAS_Z>
# BARO,<status>,<timestamp_ms>,<event_time_ns>,<BARO>
# SENSORS_INIT_TIME,<timestamp_ms> (init time for ACC, GYRO, MAG, BARO records)
PHONE_VERSION,google/bluejay/bluejay:14/AP2A.240605.024/11860263:user/release-keys
APP_VERSION,230208-V1.8
PARAM,0,0,WIFI_SCAN_INTERVAL_SECS,15.0
PARAM,0,0,RTT_MIN_INTERVAL_SECS,0.33
PARAM,0,0,RTT_CALIBRATION_OFFSET_METERS,0.0
PARAM,0,0,RTT_CALIBRATION_SLOPE,1.0
PARAM,0,0,HISTORY_RANGE_TIME_TO_LIVE_SECS,1.0
PARAM,0,0,HISTORY_LINEAR_DISCOUNT_FACTOR,1.0
PARAM,0,0,FILTER_MIN_RANGES_NEEDED,3
PARAM,0,0,FILTER_MAX_RANGES_USED,6
PARAM,0,0,MAX_APS_IN_RTT_SCAN,6
PARAM,0,0,ACCESS_POINT_HEIGHT_METERS,1.5
PARAM,0,0,MOBILE_CARRY_HEIGHT_METERS,1.5
PARAM,0,0,RTT_MIN_DISTANCE_LIMIT_METERS,0.0
PARAM,0,0,RTT_MAX_DISTANCE_LIMIT_METERS,999.0
PARAM,0,0,MAX_ALLOWED_POSITION_ERROR_METERS,999.0
PARAM,0,0,LOG_LEVEL,0
PARAM,0,0,IS_RANGE_IN_METERS,true
PARAM,0,0,FLP_PERIOD_SECS,5.0
PARAM,0,0,MAP_INITIAL_ZOOM,20.98
PARAM,0,0,POSITION_ELPF_DISCOUNT_FACTOR,1.0
PARAM,0,0,OPTIMIZE_WIFI_SCAN,false
BD,0,0,Example-House-Floor-Plan-1,51.0302,13.7284,51.0306,13.7286
AP,0,0,b8:37:b2:6c:e7:a0,RTT-20H-3,51.570528,13.003417,-1.0,1.5,0.1,1,Example-House-Floor-Plan-1,living-room
AP,0,0,b8:37:b2:6b:5d:80,RTT-20H-2,51.570417,13.00325,-1.0,1.5,0.1,1,Example-House-Floor-Plan-1,living-room
AP,0,0,b8:37:b2:6b:11:00,RTT-20H-4,51.570417,13.003528,-1.0,1.5,0.1,1,Example-House-Floor-Plan-1,living-room
AP,0,0,b8:37:b2:6a:fa:20,RTT-20H-6,51.570306,13.003528,-1.0,1.5,0.1,1,Example-House-Floor-Plan-1,living-room
AP,0,0,b8:37:b2:69:89:80,RTT-20H-1,51.570563,13.00324,-1.0,1.5,0.1,1,Example-House-Floor-Plan-1,living-room
AP,0,0,b8:37:b2:69:56:b0,RTT-20H-5,51.570306,13.003361,-1.0,1.5,0.1,1,Example-House-Floor-Plan-1,living-room
INIT_TIME,1729698856040
SCAN,0,0,b8:37:b2:69:89:81,0,5260,1,5270,0,
SCAN,0,0,b8:37:b2:69:89:80,0,5260,1,5270,0,test1
SCAN,0,0,b8:37:b2:6b:5d:80,0,5620,1,5630,0,test1
SCAN,0,0,b8:37:b2:6c:e7:a0,0,5620,1,5630,0,test1
SCAN,0,0,b8:37:b2:6c:e7:b2,0,2462,0,2462,0,test2.4ghz
SCAN,0,0,b8:37:b2:6b:5d:92,0,2412,0,2412,0,test2.4ghz
SCAN,0,0,b8:37:b2:6b:5d:93,0,2412,0,2412,0,
SCAN,0,0,b8:37:b2:6b:11:00,0,5580,1,5590,0,test1
SCAN,0,0,b8:37:b2:6b:11:01,0,5580,1,5590,0,
SCAN,0,0,b8:37:b2:69:56:c2,0,2412,0,2412,0,test2.4ghz
SCAN,0,0,b8:37:b2:69:56:c3,0,2412,0,2412,0,
SCAN,0,0,b8:37:b2:69:56:b0,0,5765,1,5755,0,test1
SCAN,0,0,b8:37:b2:69:89:92,0,2462,0,2462,0,test2.4ghz
SCAN,0,0,b8:37:b2:6b:11:12,0,2412,0,2412,0,test2.4ghz
SCAN,0,0,b8:37:b2:69:56:b1,0,5765,1,5755,0,
SCAN,0,0,b8:37:b2:6a:fa:33,0,2462,0,2462,0,
SCAN,0,0,b8:37:b2:6a:fa:32,0,2462,0,2462,0,test2.4ghz
SCAN,0,0,b8:37:b2:6a:fa:21,0,5500,1,5510,0,
SCAN,0,0,b8:37:b2:6a:fa:20,0,5500,1,5510,0,test1
RTT,0,409,b8:37:b2:69:89:80,-58,13.792,0.285,-1,-1,8,7,-1
RTT,0,409,b8:37:b2:6b:5d:80,-56,16.296,0.225,-1,-1,8,7,-1
RTT,0,409,b8:37:b2:6c:e7:a0,-56,7.746,0.18,-1,-1,8,7,-1
RTT,0,409,b8:37:b2:6b:11:00,-61,26.968,0.12,-1,-1,8,7,-1
RTT,0,409,b8:37:b2:69:56:b0,-65,29.171,0.06,-1,-1,8,7,-1
RTT,0,409,b8:37:b2:6a:fa:20,-66,37.468,0.09,-1,-1,8,7,-1
LE,0,409,51.5705949,13.0033581,1.5,3.72
RTT,0,1160,b8:37:b2:6c:e7:a0,-57,8.105,0.195,-1,-1,8,7,-1
RTT,0,1160,b8:37:b2:69:89:80,-59,15.015,0.18,-1,-1,8,7,-1
RTT,0,1160,b8:37:b2:6b:5d:80,-55,16.675,0.165,-1,-1,8,7,-1
RTT,0,1160,b8:37:b2:6b:11:00,-60,27.269,0.135,-1,-1,8,7,-1
RTT,0,1160,b8:37:b2:69:56:b0,-66,29.281,0.075,-1,-1,8,7,-1
RTT,0,1160,b8:37:b2:6a:fa:20,-66,37.269,0.15,-1,-1,8,7,-1
LE,0,1160,51.5705986,13.0033688,1.5,3.90
RTT,0,1909,b8:37:b2:6c:e7:a0,-56,7.945,0.255,-1,-1,8,7,-1
RTT,0,1909,b8:37:b2:69:89:80,-59,13.769,0.33,-1,-1,8,7,-1
RTT,0,1909,b8:37:b2:6b:5d:80,-56,16.566,0.18,-1,-1,8,7,-1
RTT,0,1909,b8:37:b2:6b:11:00,-60,27.328,0.135,-1,-1,8,7,-1
RTT,0,1909,b8:37:b2:69:56:b0,-65,30.664,0.225,-1,-1,8,7,-1
RTT,0,1909,b8:37:b2:6a:fa:20,-66,36.968,0.18,-1,-1,8,7,-1
LE,0,1909,51.5705987,13.0033664,1.5,3.47
RTT,0,2707,b8:37:b2:6c:e7:a0,-56,8.074,0.135,-1,-1,8,7,-1
RTT,0,2707,b8:37:b2:69:89:80,-59,14.14,0.045,-1,-1,8,7,-1
RTT,0,2707,b8:37:b2:6b:5d:80,-55,16.453,0.21,-1,-1,8,7,-1
RTT,0,2707,b8:37:b2:6b:11:00,-60,27.316,0.06,-1,-1,8,7,-1
RTT,0,2707,b8:37:b2:69:56:b0,-66,29.761,0.18,-1,-1,8,7,-1
RTT,0,2707,b8:37:b2:6a:fa:20,-67,37.078,0.075,-1,-1,8,7,-1
LE,0,2707,51.5705984,13.003365,1.5,3.68
RTT,0,3458,b8:37:b2:6c:e7:a0,-56,7.925,0.15,-1,-1,8,7,-1
RTT,0,3458,b8:37:b2:69:89:80,-60,14.386,0.21,-1,-1,8,7,-1
RTT,0,3458,b8:37:b2:6b:5d:80,-56,16.429,0.045,-1,-1,8,7,-1
RTT,0,3458,b8:37:b2:6b:11:00,-60,27.21,0.09,-1,-1,8,7,-1
RTT,0,3458,b8:37:b2:69:56:b0,-66,30.246,0.27,-1,-1,8,7,-1
LE,0,3458,51.5705984,13.0033648,1.5,3.68
RTT,0,4213,b8:37:b2:6c:e7:a0,-61,8.246,0.09,-1,-1,8,7,-1
RTT,0,4213,b8:37:b2:69:89:80,-59,15.48,0.285,-1,-1,8,7,-1
RTT,0,4213,b8:37:b2:6b:5d:80,-55,16.503,0.105,-1,-1,8,7,-1
RTT,0,4213,b8:37:b2:6b:11:00,-60,27.175,0.12,-1,-1,8,7,-1
RTT,0,4213,b8:37:b2:69:56:b0,-66,29.425,0.18,-1,-1,8,7,-1
RTT,0,4213,b8:37:b2:6a:fa:20,-66,37.218,0.165,-1,-1,8,7,-1
LE,0,4213,51.5705986,13.0033668,1.5,4.00
RTT,0,4971,b8:37:b2:6c:e7:a0,-55,8.281,0.195,-1,-1,8,7,-1
RTT,0,4971,b8:37:b2:69:89:80,-59,15.488,0.285,-1,-1,8,7,-1
RTT,0,4971,b8:37:b2:6b:5d:80,-55,16.445,0.195,-1,-1,8,7,-1
RTT,0,4971,b8:37:b2:6b:11:00,-60,27.16,0.09,-1,-1,8,7,-1
RTT,0,4971,b8:37:b2:69:56:b0,-66,29.218,0.075,-1,-1,8,7,-1
RTT,0,4971,b8:37:b2:6a:fa:20,-67,37.097,0.18,-1,-1,8,7,-1
LE,0,4971,51.5705986,13.0033682,1.5,4.03
RTT,0,5775,b8:37:b2:6c:e7:a0,-57,7.906,0.21,-1,-1,8,7,-1
RTT,0,5775,b8:37:b2:69:89:80,-59,13.718,0.285,-1,-1,8,7,-1
RTT,0,5775,b8:37:b2:6b:5d:80,-55,16.441,0.165,-1,-1,8,7,-1
RTT,0,5775,b8:37:b2:6b:11:00,-60,27.273,0.15,-1,-1,8,7,-1
RTT,0,5775,b8:37:b2:69:56:b0,-66,28.878,0.075,-1,-1,8,7,-1
RTT,0,5775,b8:37:b2:6a:fa:20,-67,37.367,0.225,-1,-1,8,7,-1
LE,0,5775,51.5705977,13.0033652,1.5,3.75
RTT,0,6531,b8:37:b2:6c:e7:a0,-59,7.46,0.195,-1,-1,8,7,-1
RTT,0,6531,b8:37:b2:69:89:80,-59,17.824,0.24,-1,-1,8,7,-1
RTT,0,6531,b8:37:b2:6b:5d:80,-55,16.789,0.21,-1,-1,8,7,-1
RTT,0,6531,b8:37:b2:6b:11:00,-60,27.257,0.165,-1,-1,8,7,-1
RTT,0,6531,b8:37:b2:69:56:b0,-66,30.425,0.27,-1,-1,8,7,-1
RTT,0,6531,b8:37:b2:6a:fa:20,-66,37.218,0.345,-1,-1,8,7,-1
LE,0,6531,51.570599,13.0033735,1.5,4.38
RTT,0,7279,b8:37:b2:6c:e7:a0,-57,7.796,0.165,-1,-1,8,7,-1
RTT,0,7279,b8:37:b2:69:89:80,-58,10.73,0.24,-1,-1,8,7,-1
RTT,0,7279,b8:37:b2:6b:5d:80,-55,16.695,0.105,-1,-1,8,7,-1
RTT,0,7279,b8:37:b2:6b:11:00,-60,27.054,0.09,-1,-1,8,7,-1
RTT,0,7279,b8:37:b2:69:56:b0,-65,29.078,0.24,-1,-1,8,7,-1
RTT,0,7279,b8:37:b2:6a:fa:20,-66,37.757,0.255,-1,-1,8,7,-1
LE,0,7279,51.5705971,13.0033634,1.5,3.08
RTT,0,8039,b8:37:b2:6c:e7:a0,-58,7.167,0.195,-1,-1,8,7,-1
RTT,0,8039,b8:37:b2:69:89:80,-55,10.917,0.21,-1,-1,8,7,-1
RTT,0,8039,b8:37:b2:6b:5d:80,-55,16.839,0.165,-1,-1,8,7,-1
RTT,0,8039,b8:37:b2:6b:11:00,-62,27.554,0.195,-1,-1,8,7,-1
RTT,0,8039,b8:37:b2:69:56:b0,-66,30.136,0.345,-1,-1,8,7,-1
RTT,0,8039,b8:37:b2:6a:fa:20,-67,38.078,0.21,-1,-1,8,7,-1
LE,0,8039,51.5705966,13.0033565,1.5,3.16
RTT,0,8799,b8:37:b2:6c:e7:a0,-57,7.605,0.285,-1,-1,8,7,-1
RTT,0,8799,b8:37:b2:69:89:80,-58,12.484,0.285,-1,-1,8,7,-1
RTT,0,8799,b8:37:b2:6b:5d:80,-55,16.675,0.135,-1,-1,8,7,-1
RTT,0,8799,b8:37:b2:6b:11:00,-59,27.25,0.12,-1,-1,8,7,-1
RTT,0,8799,b8:37:b2:6a:fa:20,-66,37.222,0.135,-1,-1,8,7,-1
LE,0,8799,51.5705964,13.0033547,1.5,3.26
RTT,0,9550,b8:37:b2:6c:e7:a0,-59,8.55,0.165,-1,-1,8,7,-1
RTT,0,9550,b8:37:b2:69:89:80,-58,21.699,0.36,-1,-1,8,7,-1
RTT,0,9550,b8:37:b2:6b:5d:80,-55,16.46,0.15,-1,-1,8,7,-1
RTT,0,9550,b8:37:b2:6b:11:00,-61,27.097,0.06,-1,-1,8,7,-1
RTT,0,9550,b8:37:b2:69:56:b0,-65,28.82,0.24,-1,-1,8,7,-1
RTT,0,9550,b8:37:b2:6a:fa:20,-65,37.328,0.225,-1,-1,8,7,-1
LE,0,9550,51.570598,13.0033746,1.5,5.51
RTT,0,10302,b8:37:b2:6c:e7:a0,-56,8.113,0.285,-1,-1,8,7,-1
RTT,0,10302,b8:37:b2:69:89:80,-59,14.511,0.285,-1,-1,8,7,-1
RTT,0,10302,b8:37:b2:6b:5d:80,-54,16.503,0.225,-1,-1,8,7,-1
RTT,0,10302,b8:37:b2:6b:11:00,-60,26.945,0.12,-1,-1,8,7,-1
RTT,0,10302,b8:37:b2:69:56:b0,-65,29.066,0.165,-1,-1,8,7,-1
RTT,0,10302,b8:37:b2:6a:fa:20,-66,37.683,0.03,-1,-1,8,7,-1
LE,0,10302,51.5705978,13.0033719,1.5,3.86
RTT,0,11064,b8:37:b2:6c:e7:a0,-59,7.304,0.195,-1,-1,8,7,-1
RTT,0,11064,b8:37:b2:69:89:80,-60,14.753,0.21,-1,-1,8,7,-1
RTT,0,11064,b8:37:b2:6b:5d:80,-55,16.562,0.27,-1,-1,8,7,-1
RTT,0,11064,b8:37:b2:6b:11:00,-60,27.199,0.18,-1,-1,8,7,-1
RTT,0,11064,b8:37:b2:69:56:b0,-65,28.644,0.135,-1,-1,8,7,-1
RTT,0,11064,b8:37:b2:6a:fa:20,-67,37.273,0.18,-1,-1,8,7,-1
LE,0,11064,51.5705971,13.003371,1.5,3.98
RTT,0,11886,b8:37:b2:6c:e7:a0,-57,7.585,0.165,-1,-1,8,7,-1
RTT,0,11886,b8:37:b2:69:89:80,-59,13.406,0.21,-1,-1,8,7,-1
RTT,0,11886,b8:37:b2:6b:5d:80,-56,18.117,0.135,-1,-1,8,7,-1
RTT,0,11886,b8:37:b2:6b:11:00,-60,27.078,0.15,-1,-1,8,7,-1
RTT,0,11886,b8:37:b2:69:56:b0,-66,30.222,0.15,-1,-1,8,7,-1
RTT,0,11886,b8:37:b2:6a:fa:20,-66,37.417,0.18,-1,-1,8,7,-1
LE,0,11886,51.570598,13.0033691,1.5,3.13
RTT,0,12641,b8:37:b2:6c:e7:a0,-58,7.515,0.225,-1,-1,8,7,-1
RTT,0,12641,b8:37:b2:69:89:80,-59,14.593,0.3,-1,-1,8,7,-1
RTT,0,12641,b8:37:b2:6b:5d:80,-54,16.429,0.24,-1,-1,8,7,-1
RTT,0,12641,b8:37:b2:6b:11:00,-60,26.917,0.075,-1,-1,8,7,-1
RTT,0,12641,b8:37:b2:69:56:b0,-66,29.039,0.12,-1,-1,8,7,-1
RTT,0,12641,b8:37:b2:6a:fa:20,-67,37.437,0.21,-1,-1,8,7,-1
LE,0,12641,51.5705974,13.0033685,1.5,3.88
RTT,0,13409,b8:37:b2:6c:e7:a0,-57,7.847,0.21,-1,-1,8,7,-1
RTT,0,13409,b8:37:b2:69:89:80,-59,15.675,0.33,-1,-1,8,7,-1
RTT,0,13409,b8:37:b2:6b:5d:80,-55,16.457,0.21,-1,-1,8,7,-1
RTT,0,13409,b8:37:b2:6b:11:00,-60,27.046,0.165,-1,-1,8,7,-1
RTT,0,13409,b8:37:b2:69:56:b0,-66,29.859,0.315,-1,-1,8,7,-1
RTT,0,13409,b8:37:b2:6a:fa:20,-66,37.597,0.15,-1,-1,8,7,-1
LE,0,13409,51.5705981,13.0033702,1.5,4.04
RTT,0,14171,b8:37:b2:6c:e7:a0,-60,6.679,0.06,-1,-1,8,7,-1
RTT,0,14171,b8:37:b2:69:89:80,-59,14.765,0.18,-1,-1,8,7,-1
RTT,0,14171,b8:37:b2:6b:5d:80,-55,16.496,0.195,-1,-1,8,7,-1
RTT,0,14171,b8:37:b2:6b:11:00,-61,26.937,0.165,-1,-1,8,7,-1
RTT,0,14171,b8:37:b2:69:56:b0,-66,29.535,0.165,-1,-1,8,7,-1
RTT,0,14171,b8:37:b2:6a:fa:20,-67,37.464,0.21,-1,-1,8,7,-1
LE,0,14171,51.5705975,13.0033705,1.5,3.89
RTT,0,15004,b8:37:b2:6c:e7:a0,-58,7.628,0.21,-1,-1,8,7,-1
RTT,0,15004,b8:37:b2:69:89:80,-58,14.789,0.15,-1,-1,8,7,-1
RTT,0,15004,b8:37:b2:6b:5d:80,-55,16.792,0.12,-1,-1,8,7,-1
RTT,0,15004,b8:37:b2:6b:11:00,-60,26.988,0.105,-1,-1,8,7,-1
RTT,0,15004,b8:37:b2:69:56:b0,-66,29.382,0.285,-1,-1,8,7,-1
RTT,0,15004,b8:37:b2:6a:fa:20,-67,37.617,0.195,-1,-1,8,7,-1
LE,0,15004,51.5705976,13.0033702,1.5,3.82
RTT,0,15756,b8:37:b2:6c:e7:a0,-57,7.628,0.225,-1,-1,8,7,-1
RTT,0,15756,b8:37:b2:69:89:80,-60,14.812,0.21,-1,-1,8,7,-1
RTT,0,15756,b8:37:b2:6b:5d:80,-55,16.605,0.135,-1,-1,8,7,-1
RTT,0,15756,b8:37:b2:6b:11:00,-60,27.05,0.165,-1,-1,8,7,-1
RTT,0,15756,b8:37:b2:69:56:b0,-65,28.957,0.105,-1,-1,8,7,-1
RTT,0,15756,b8:37:b2:6a:fa:20,-67,37.425,0.255,-1,-1,8,7,-1
LE,0,15756,51.5705973,13.0033698,1.5,3.92
RTT,0,16524,b8:37:b2:6c:e7:a0,-58,7.421,0.03,-1,-1,8,7,-1
RTT,0,16524,b8:37:b2:69:89:80,-60,15.976,0.315,-1,-1,8,7,-1
RTT,0,16524,b8:37:b2:6b:5d:80,-55,16.609,0.18,-1,-1,8,7,-1
RTT,0,16524,b8:37:b2:6b:11:00,-60,27.14,0.165,-1,-1,8,7,-1
RTT,0,16524,b8:37:b2:69:56:b0,-65,30.226,0.285,-1,-1,8,7,-1
RTT,0,16524,b8:37:b2:6a:fa:20,-67,37.363,0.165,-1,-1,8,7,-1
LE,0,16524,51.5705981,13.0033724,1.5,4.03
RTT,0,17297,b8:37:b2:6c:e7:a0,-57,7.785,0.225,-1,-1,8,7,-1
RTT,0,17297,b8:37:b2:69:89:80,-60,21.89,0.315,-1,-1,8,7,-1
RTT,0,17297,b8:37:b2:6b:5d:80,-55,16.597,0.09,-1,-1,8,7,-1
RTT,0,17297,b8:37:b2:6b:11:00,-60,27.089,0.09,-1,-1,8,7,-1
RTT,0,17297,b8:37:b2:69:56:b0,-65,30.019,0.165,-1,-1,8,7,-1
RTT,0,17297,b8:37:b2:6a:fa:20,-66,37.511,0.21,-1,-1,8,7,-1
LE,0,17297,51.5705996,13.0033884,1.5,5.41
RTT,0,18131,b8:37:b2:6c:e7:a0,-57,7.878,0.105,-1,-1,8,7,-1
RTT,0,18131,b8:37:b2:69:89:80,-60,18.687,0.3,-1,-1,8,7,-1
RTT,0,18131,b8:37:b2:6b:5d:80,-55,16.769,0.135,-1,-1,8,7,-1
RTT,0,18131,b8:37:b2:6b:11:00,-60,27.179,0.135,-1,-1,8,7,-1
RTT,0,18131,b8:37:b2:69:56:b0,-65,29.89,0.165,-1,-1,8,7,-1
RTT,0,18131,b8:37:b2:6a:fa:20,-67,37.429,0.225,-1,-1,8,7,-1
LE,0,18131,51.5706006,13.0033927,1.5,4.64
RTT,0,18891,b8:37:b2:6c:e7:a0,-57,7.839,0.045,-1,-1,8,7,-1
RTT,0,18891,b8:37:b2:69:89:80,-60,18.828,0.39,-1,-1,8,7,-1
RTT,0,18891,b8:37:b2:6b:11:00,-60,27.16,0.03,-1,-1,8,7,-1
RTT,0,18891,b8:37:b2:6b:5d:80,-55,16.562,0.135,-1,-1,8,7,-1
RTT,0,18891,b8:37:b2:6a:fa:20,-67,37.421,0.18,-1,-1,8,7,-1
LE,0,18891,51.5706012,13.003396,1.5,4.72
RTT,0,19653,b8:37:b2:6c:e7:a0,-57,7.464,0.255,-1,-1,8,7,-1
RTT,0,19653,b8:37:b2:69:89:80,-59,17.613,0.15,-1,-1,8,7,-1
RTT,0,19653,b8:37:b2:6b:11:00,-60,27.171,0.18,-1,-1,8,7,-1
RTT,0,19653,b8:37:b2:6b:5d:80,-55,16.777,0.135,-1,-1,8,7,-1
RTT,0,19653,b8:37:b2:69:56:b0,-66,29.812,0.21,-1,-1,8,7,-1
RTT,0,19653,b8:37:b2:6a:fa:20,-67,37.351,0.24,-1,-1,8,7,-1
LE,0,19653,51.5706012,13.003396,1.5,4.41
RTT,0,20416,b8:37:b2:6c:e7:a0,-57,7.578,0.24,-1,-1,8,7,-1
RTT,0,20416,b8:37:b2:69:89:80,-59,16.167,0.15,-1,-1,8,7,-1
RTT,0,20416,b8:37:b2:6b:11:00,-60,27.105,0.135,-1,-1,8,7,-1
RTT,0,20416,b8:37:b2:6b:5d:80,-55,16.609,0.15,-1,-1,8,7,-1
RTT,0,20416,b8:37:b2:69:56:b0,-66,30.023,0.27,-1,-1,8,7,-1
RTT,0,20416,b8:37:b2:6a:fa:20,-67,37.449,0.15,-1,-1,8,7,-1
LE,0,20416,51.570601,13.0033924,1.5,4.09
RTT,0,21183,b8:37:b2:6c:e7:a0,-57,7.722,0.225,-1,-1,8,7,-1
RTT,0,21183,b8:37:b2:69:89:80,-60,18.113,0.39,-1,-1,8,7,-1
RTT,0,21183,b8:37:b2:6b:11:00,-60,27.066,0.09,-1,-1,8,7,-1
RTT,0,21183,b8:37:b2:6b:5d:80,-55,16.718,0.135,-1,-1,8,7,-1
RTT,0,21183,b8:37:b2:69:56:b0,-65,30.179,0.165,-1,-1,8,7,-1
RTT,0,21183,b8:37:b2:6a:fa:20,-67,37.21,0.225,-1,-1,8,7,-1
LE,0,21183,51.5706014,13.0033946,1.5,4.45
RTT,0,21947,b8:37:b2:6c:e7:a0,-57,7.882,0.165,-1,-1,8,7,-1
RTT,0,21947,b8:37:b2:69:89:80,-58,15.453,0.21,-1,-1,8,7,-1
RTT,0,21947,b8:37:b2:6b:11:00,-60,27.167,0.165,-1,-1,8,7,-1
RTT,0,21947,b8:37:b2:6b:5d:80,-55,16.562,0.195,-1,-1,8,7,-1
RTT,0,21947,b8:37:b2:69:56:b0,-65,30.921,0.135,-1,-1,8,7,-1
RTT,0,21947,b8:37:b2:6a:fa:20,-67,37.203,0.225,-1,-1,8,7,-1
LE,0,21947,51.5706015,13.0033897,1.5,3.82
RTT,0,22705,b8:37:b2:6c:e7:a0,-58,7.859,0.09,-1,-1,8,7,-1
RTT,0,22705,b8:37:b2:69:89:80,-59,19.367,0.36,-1,-1,8,7,-1
RTT,0,22705,b8:37:b2:6b:11:00,-60,27.382,0.165,-1,-1,8,7,-1
RTT,0,22705,b8:37:b2:6b:5d:80,-55,16.585,0.135,-1,-1,8,7,-1
RTT,0,22705,b8:37:b2:69:56:b0,-65,29.671,0.18,-1,-1,8,7,-1
RTT,0,22705,b8:37:b2:6a:fa:20,-66,37.496,0.27,-1,-1,8,7,-1
LE,0,22705,51.570602,13.0033948,1.5,4.91
RTT,0,23470,b8:37:b2:6c:e7:a0,-57,7.792,0.12,-1,-1,8,7,-1
RTT,0,23470,b8:37:b2:69:89:80,-59,19.957,0.345,-1,-1,8,7,-1
RTT,0,23470,b8:37:b2:6b:11:00,-60,27.265,0.15,-1,-1,8,7,-1
RTT,0,23470,b8:37:b2:6b:5d:80,-55,16.335,0.195,-1,-1,8,7,-1
RTT,0,23470,b8:37:b2:69:56:b0,-66,29.679,0.225,-1,-1,8,7,-1
RTT,0,23470,b8:37:b2:6a:fa:20,-67,37.304,0.21,-1,-1,8,7,-1
LE,0,23470,51.5706022,13.0034001,1.5,5.07
RTT,0,24221,b8:37:b2:6c:e7:a0,-57,7.73,0.06,-1,-1,8,7,-1
RTT,0,24221,b8:37:b2:69:89:80,-60,22.042,0.33,-1,-1,8,7,-1
RTT,0,24221,b8:37:b2:6b:11:00,-60,27.542,0.15,-1,-1,8,7,-1
RTT,0,24221,b8:37:b2:6b:5d:80,-55,16.503,0.18,-1,-1,8,7,-1
RTT,0,24221,b8:37:b2:69:56:b0,-66,29.117,0.195,-1,-1,8,7,-1
RTT,0,24221,b8:37:b2:6a:fa:20,-67,37.3,0.24,-1,-1,8,7,-1
LE,0,24221,51.5706023,13.003409,1.5,5.62
RTT,0,24978,b8:37:b2:6c:e7:a0,-57,7.98,0.225,-1,-1,8,7,-1
RTT,0,24978,b8:37:b2:69:89:80,-59,15.96,0.33,-1,-1,8,7,-1
RTT,0,24978,b8:37:b2:6b:11:00,-60,27.296,0.135,-1,-1,8,7,-1
RTT,0,24978,b8:37:b2:6b:5d:80,-55,16.843,0.24,-1,-1,8,7,-1
RTT,0,24978,b8:37:b2:69:56:b0,-64,29.863,0.18,-1,-1,8,7,-1
RTT,0,24978,b8:37:b2:6a:fa:20,-67,37.582,0.15,-1,-1,8,7,-1
LE,0,24978,51.5706022,13.0034014,1.5,4.05
RTT,0,25753,b8:37:b2:6c:e7:a0,-58,7.597,0.27,-1,-1,8,7,-1
RTT,0,25753,b8:37:b2:69:89:80,-59,16.777,0.3,-1,-1,8,3,-1
RTT,0,25753,b8:37:b2:69:56:b0,-65,29.246,0.195,-1,-1,8,7,-1
LE,0,25753,51.570596,13.0033709,1.5,2.47
RTT,0,26497,b8:37:b2:6c:e7:a0,-57,7.941,0.36,-1,-1,8,7,-1
RTT,0,26497,b8:37:b2:69:89:80,-59,16.906,0.15,-1,-1,8,7,-1
RTT,0,26497,b8:37:b2:6b:5d:80,-55,16.585,0.105,-1,-1,8,7,-1
RTT,0,26497,b8:37:b2:6b:11:00,-60,27.55,0.03,-1,-1,8,7,-1
RTT,0,26497,b8:37:b2:69:56:b0,-64,29.679,0.075,-1,-1,8,7,-1
RTT,0,26497,b8:37:b2:6a:fa:20,-67,37.242,0.225,-1,-1,8,7,-1
LE,0,26497,51.5705974,13.0033747,1.5,4.35
RTT,0,27490,b8:37:b2:6c:e7:a0,-57,7.507,0.24,-1,-1,8,7,-1
RTT,0,27490,b8:37:b2:69:89:80,-59,23.023,0.135,-1,-1,8,7,-1
RTT,0,27490,b8:37:b2:6b:5d:80,-55,16.55,0.18,-1,-1,8,7,-1
RTT,0,27490,b8:37:b2:6b:11:00,-60,27.218,0.165,-1,-1,8,7,-1
RTT,0,27490,b8:37:b2:69:56:b0,-65,30.0,0.165,-1,-1,8,7,-1
RTT,0,27490,b8:37:b2:6a:fa:20,-66,37.273,0.195,-1,-1,8,7,-1
LE,0,27490,51.5705988,13.0033928,1.5,5.68
RTT,0,28245,b8:37:b2:6c:e7:a0,-57,7.648,0.18,-1,-1,8,7,-1
RTT,0,28245,b8:37:b2:69:89:80,-59,19.976,0.225,-1,-1,8,7,-1
RTT,0,28245,b8:37:b2:6b:11:00,-60,27.363,0.09,-1,-1,8,7,-1
RTT,0,28245,b8:37:b2:6b:5d:80,-54,16.855,0.195,-1,-1,8,7,-1
RTT,0,28245,b8:37:b2:69:56:b0,-66,29.324,0.27,-1,-1,8,7,-1
RTT,0,28245,b8:37:b2:6a:fa:20,-66,37.476,0.15,-1,-1,8,7,-1
LE,0,28245,51.5705999,13.003399,1.5,5.03
RTT,0,29000,b8:37:b2:6c:e7:a0,-57,7.523,0.285,-1,-1,8,7,-1
RTT,0,29000,b8:37:b2:69:89:80,-59,19.105,0.36,-1,-1,8,7,-1
RTT,0,29000,b8:37:b2:6b:11:00,-60,27.214,0.045,-1,-1,8,7,-1
RTT,0,29000,b8:37:b2:6b:5d:80,-54,16.894,0.12,-1,-1,8,7,-1
RTT,0,29000,b8:37:b2:69:56:b0,-65,29.746,0.075,-1,-1,8,7,-1
RTT,0,29000,b8:37:b2:6a:fa:20,-67,37.187,0.18,-1,-1,8,7,-1
LE,0,29000,51.5706005,13.003402,1.5,4.71
RTT,0,29760,b8:37:b2:6c:e7:a0,-59,7.949,0.03,-1,-1,8,7,-1
RTT,0,29760,b8:37:b2:69:89:80,-59,20.078,0.21,-1,-1,8,7,-1
RTT,0,29760,b8:37:b2:6b:11:00,-60,27.265,0.105,-1,-1,8,7,-1
RTT,0,29760,b8:37:b2:6b:5d:80,-55,16.472,0.18,-1,-1,8,7,-1
RTT,0,29760,b8:37:b2:6a:fa:20,-66,37.175,0.165,-1,-1,8,7,-1
LE,0,29760,51.5706011,13.003406,1.5,5.03
RTT,0,30519,b8:37:b2:6c:e7:a0,-57,7.789,0.195,-1,-1,8,7,-1
RTT,0,30519,b8:37:b2:69:89:80,-59,22.535,0.405,-1,-1,8,7,-1
RTT,0,30519,b8:37:b2:6b:11:00,-60,27.105,0.03,-1,-1,8,7,-1
RTT,0,30519,b8:37:b2:6b:5d:80,-54,16.777,0.21,-1,-1,8,7,-1
RTT,0,30519,b8:37:b2:69:56:b0,-65,29.73,0.285,-1,-1,8,7,-1
RTT,0,30519,b8:37:b2:6a:fa:20,-67,37.332,0.255,-1,-1,8,7,-1
LE,0,30519,51.5706017,13.0034155,1.5,5.53
RTT,0,31268,b8:37:b2:6c:e7:a0,-57,7.648,0.3,-1,-1,8,7,-1
RTT,0,31268,b8:37:b2:69:89:80,-59,20.542,0.36,-1,-1,8,7,-1
RTT,0,31268,b8:37:b2:6b:11:00,-60,27.214,0.105,-1,-1,8,7,-1
RTT,0,31268,b8:37:b2:6b:5d:80,-55,16.781,0.165,-1,-1,8,7,-1
RTT,0,31268,b8:37:b2:69:56:b0,-66,29.773,0.06,-1,-1,8,7,-1
RTT,0,31268,b8:37:b2:6a:fa:20,-67,37.07,0.09,-1,-1,8,7,-1
LE,0,31268,51.5706019,13.0034178,1.5,5.05
RTT,0,32034,b8:37:b2:6c:e7:a0,-57,7.746,0.27,-1,-1,8,7,-1
RTT,0,32034,b8:37:b2:69:89:80,-59,19.621,0.36,-1,-1,8,7,-1
RTT,0,32034,b8:37:b2:6b:11:00,-60,27.39,0.165,-1,-1,8,7,-1
RTT,0,32034,b8:37:b2:6b:5d:80,-55,16.773,0.24,-1,-1,8,7,-1
RTT,0,32034,b8:37:b2:69:56:b0,-65,29.839,0.15,-1,-1,8,7,-1
RTT,0,32034,b8:37:b2:6a:fa:20,-67,37.179,0.24,-1,-1,8,7,-1
LE,0,32034,51.5706023,13.003417,1.5,4.87
RTT,0,32784,b8:37:b2:6c:e7:a0,-57,7.746,0.075,-1,-1,8,7,-1
RTT,0,32784,b8:37:b2:69:89:80,-60,29.253,0.105,-1,-1,8,7,-1
RTT,0,32784,b8:37:b2:6b:11:00,-60,27.191,0.09,-1,-1,8,7,-1
RTT,0,32784,b8:37:b2:6b:5d:80,-55,16.507,0.225,-1,-1,8,7,-1
RTT,0,32784,b8:37:b2:69:56:b0,-65,29.843,0.105,-1,-1,8,7,-1
RTT,0,32784,b8:37:b2:6a:fa:20,-66,37.546,0.18,-1,-1,8,7,-1
LE,0,32784,51.5706017,13.0034388,1.5,7.22
RTT,0,33544,b8:37:b2:6c:e7:a0,-58,7.972,0.36,-1,-1,8,7,-1
RTT,0,33544,b8:37:b2:69:89:80,-59,17.632,0.255,-1,-1,8,7,-1
RTT,0,33544,b8:37:b2:6b:11:00,-60,27.187,0.075,-1,-1,8,7,-1
RTT,0,33544,b8:37:b2:6b:5d:80,-55,16.386,0.135,-1,-1,8,7,-1
RTT,0,33544,b8:37:b2:6a:fa:20,-66,37.363,0.18,-1,-1,8,7,-1
LE,0,33544,51.5706017,13.0034274,1.5,4.49
RTT,0,34300,b8:37:b2:6c:e7:a0,-57,7.5,0.27,-1,-1,8,7,-1
RTT,0,34300,b8:37:b2:69:89:80,-60,17.347,0.3,-1,-1,8,7,-1
RTT,0,34300,b8:37:b2:6b:11:00,-60,27.183,0.18,-1,-1,8,7,-1
RTT,0,34300,b8:37:b2:6b:5d:80,-55,16.488,0.195,-1,-1,8,7,-1
RTT,0,34300,b8:37:b2:69:56:b0,-65,29.539,0.195,-1,-1,8,7,-1
RTT,0,34300,b8:37:b2:6a:fa:20,-66,37.355,0.255,-1,-1,8,7,-1
LE,0,34300,51.5706013,13.0034185,1.5,4.45
RTT,0,35054,b8:37:b2:6c:e7:a0,-57,7.734,0.09,-1,-1,8,7,-1
RTT,0,35054,b8:37:b2:69:89:80,-59,18.535,0.21,-1,-1,8,7,-1
RTT,0,35054,b8:37:b2:6b:11:00,-60,27.203,0.045,-1,-1,8,7,-1
RTT,0,35054,b8:37:b2:6b:5d:80,-55,16.589,0.195,-1,-1,8,7,-1
RTT,0,35054,b8:37:b2:69:56:b0,-65,29.582,0.255,-1,-1,8,7,-1
RTT,0,35054,b8:37:b2:6a:fa:20,-66,37.14,0.135,-1,-1,8,7,-1
LE,0,35054,51.5706014,13.0034148,1.5,4.66
RTT,0,35813,b8:37:b2:6c:e7:a0,-57,7.523,0.195,-1,-1,8,7,-1
RTT,0,35813,b8:37:b2:69:89:80,-59,16.847,0.195,-1,-1,8,7,-1
RTT,0,35813,b8:37:b2:6b:11:00,-60,27.16,0.165,-1,-1,8,7,-1
RTT,0,35813,b8:37:b2:6b:5d:80,-55,16.125,0.195,-1,-1,8,7,-1
RTT,0,35813,b8:37:b2:69:56:b0,-65,29.73,0.03,-1,-1,8,7,-1
RTT,0,35813,b8:37:b2:6a:fa:20,-66,37.332,0.165,-1,-1,8,7,-1
LE,0,35813,51.5706009,13.0034075,1.5,4.39
RTT,0,36578,b8:37:b2:6c:e7:a0,-57,7.625,0.24,-1,-1,8,7,-1
RTT,0,36578,b8:37:b2:69:89:80,-59,16.164,0.24,-1,-1,8,7,-1
RTT,0,36578,b8:37:b2:6b:11:00,-60,27.207,0.165,-1,-1,8,7,-1
RTT,0,36578,b8:37:b2:6b:5d:80,-55,16.367,0.06,-1,-1,8,7,-1
RTT,0,36578,b8:37:b2:69:56:b0,-65,29.984,0.24,-1,-1,8,7,-1
RTT,0,36578,b8:37:b2:6a:fa:20,-67,37.191,0.135,-1,-1,8,7,-1
LE,0,36578,51.5706006,13.0034007,1.5,4.14
RTT,0,37332,b8:37:b2:6c:e7:a0,-57,7.664,0.21,-1,-1,8,7,-1
RTT,0,37332,b8:37:b2:69:89:80,-59,17.707,0.225,-1,-1,8,7,-1
RTT,0,37332,b8:37:b2:6b:11:00,-60,27.332,0.15,-1,-1,8,7,-1
RTT,0,37332,b8:37:b2:6b:5d:80,-55,16.621,0.135,-1,-1,8,7,-1
RTT,0,37332,b8:37:b2:69:56:b0,-65,29.289,0.225,-1,-1,8,7,-1
RTT,0,37332,b8:37:b2:6a:fa:20,-66,37.371,0.33,-1,-1,8,7,-1
LE,0,37332,51.5706007,13.0033992,1.5,4.55
RTT,0,38086,b8:37:b2:6c:e7:a0,-57,7.675,0.09,-1,-1,8,7,-1
RTT,0,38086,b8:37:b2:69:89:80,-59,16.175,0.255,-1,-1,8,7,-1
RTT,0,38086,b8:37:b2:6b:11:00,-60,27.281,0.165,-1,-1,8,7,-1
RTT,0,38086,b8:37:b2:6b:5d:80,-55,16.324,0.18,-1,-1,8,7,-1
RTT,0,38086,b8:37:b2:6a:fa:20,-66,37.343,0.165,-1,-1,8,7,-1
LE,0,38086,51.5706002,13.0033942,1.5,4.27
RTT,0,38844,b8:37:b2:6c:e7:a0,-57,7.476,0.225,-1,-1,8,7,-1
RTT,0,38844,b8:37:b2:69:89:80,-59,15.609,0.15,-1,-1,8,7,-1
RTT,0,38844,b8:37:b2:6b:11:00,-60,27.253,0.135,-1,-1,8,7,-1
RTT,0,38844,b8:37:b2:6b:5d:80,-55,16.449,0.18,-1,-1,8,7,-1
RTT,0,38844,b8:37:b2:69:56:b0,-65,29.441,0.12,-1,-1,8,7,-1
RTT,0,38844,b8:37:b2:6a:fa:20,-67,37.082,0.12,-1,-1,8,7,-1
LE,0,38844,51.5705996,13.0033896,1.5,4.06
RTT,0,39615,b8:37:b2:6c:e7:a0,-57,7.812,0.27,-1,-1,8,7,-1
RTT,0,39615,b8:37:b2:69:89:80,-60,19.82,0.105,-1,-1,8,7,-1
RTT,0,39615,b8:37:b2:6b:11:00,-60,27.199,0.105,-1,-1,8,7,-1
RTT,0,39615,b8:37:b2:6b:5d:80,-55,16.484,0.165,-1,-1,8,7,-1
RTT,0,39615,b8:37:b2:69:56:b0,-65,29.531,0.06,-1,-1,8,7,-1
RTT,0,39615,b8:37:b2:6a:fa:20,-67,37.214,0.09,-1,-1,8,7,-1
LE,0,39615,51.5706003,13.0033961,1.5,4.99
RTT,0,40366,b8:37:b2:6c:e7:a0,-57,7.703,0.195,-1,-1,8,7,-1
RTT,0,40366,b8:37:b2:69:89:80,-59,17.859,0.3,-1,-1,8,7,-1
RTT,0,40366,b8:37:b2:6b:11:00,-60,27.265,0.03,-1,-1,8,7,-1
RTT,0,40366,b8:37:b2:6b:5d:80,-55,16.382,0.18,-1,-1,8,7,-1
RTT,0,40366,b8:37:b2:69:56:b0,-65,29.917,0.15,-1,-1,8,7,-1
RTT,0,40366,b8:37:b2:6a:fa:20,-67,37.296,0.285,-1,-1,8,7,-1
LE,0,40366,51.5706007,13.003396,1.5,4.54
RTT,0,41131,b8:37:b2:6c:e7:a0,-57,7.703,0.195,-1,-1,8,7,-1
RTT,0,41131,b8:37:b2:69:89:80,-59,16.339,0.3,-1,-1,8,7,-1
RTT,0,41131,b8:37:b2:6b:11:00,-60,27.339,0.12,-1,-1,8,7,-1
RTT,0,41131,b8:37:b2:6b:5d:80,-55,16.613,0.12,-1,-1,8,7,-1
RTT,0,41131,b8:37:b2:69:56:b0,-65,29.855,0.165,-1,-1,8,7,-1
RTT,0,41131,b8:37:b2:6a:fa:20,-66,37.292,0.15,-1,-1,8,7,-1
LE,0,41131,51.5706007,13.0033925,1.5,4.17
RTT,0,41864,b8:37:b2:6c:e7:a0,-57,7.566,0.285,-1,-1,8,7,-1
RTT,0,41864,b8:37:b2:69:89:80,-59,17.648,0.345,-1,-1,8,7,-1
RTT,0,41864,b8:37:b2:6b:11:00,-60,27.121,0.06,-1,-1,8,7,-1
RTT,0,41864,b8:37:b2:6b:5d:80,-55,16.699,0.18,-1,-1,8,7,-1
RTT,0,41864,b8:37:b2:69:56:b0,-65,30.523,0.135,-1,-1,8,7,-1
RTT,0,41864,b8:37:b2:6a:fa:20,-67,37.394,0.15,-1,-1,8,7,-1
LE,0,41864,51.5706013,13.0033934,1.5,4.35
RTT,0,42627,b8:37:b2:6c:e7:a0,-57,7.75,0.225,-1,-1,8,7,-1
RTT,0,42627,b8:37:b2:69:89:80,-59,15.925,0.315,-1,-1,8,7,-1
RTT,0,42627,b8:37:b2:6b:11:00,-60,27.117,0.15,-1,-1,8,7,-1
RTT,0,42627,b8:37:b2:6b:5d:80,-55,16.347,0.12,-1,-1,8,7,-1
RTT,0,42627,b8:37:b2:69:56:b0,-64,30.007,0.135,-1,-1,8,7,-1
RTT,0,42627,b8:37:b2:6a:fa:20,-67,37.332,0.12,-1,-1,8,7,-1
LE,0,42627,51.5706009,13.0033895,1.5,4.08
RTT,0,43376,b8:37:b2:6c:e7:a0,-57,7.593,0.24,-1,-1,8,7,-1
RTT,0,43376,b8:37:b2:69:89:80,-59,15.964,0.165,-1,-1,8,7,-1
RTT,0,43376,b8:37:b2:6b:11:00,-60,27.335,0.18,-1,-1,8,7,-1
RTT,0,43376,b8:37:b2:6b:5d:80,-55,16.332,0.21,-1,-1,8,7,-1
RTT,0,43376,b8:37:b2:69:56:b0,-66,29.722,0.135,-1,-1,8,7,-1
RTT,0,43376,b8:37:b2:6a:fa:20,-67,37.207,0.195,-1,-1,8,7,-1
LE,0,43376,51.5706004,13.0033866,1.5,4.16
RTT,0,44128,b8:37:b2:6c:e7:a0,-57,7.667,0.135,-1,-1,8,7,-1
RTT,0,44128,b8:37:b2:69:89:80,-59,16.609,0.15,-1,-1,8,7,-1
RTT,0,44128,b8:37:b2:6b:5d:80,-55,16.25,0.105,-1,-1,8,7,-1
RTT,0,44128,b8:37:b2:6b:11:00,-60,27.378,0.075,-1,-1,8,7,-1
RTT,0,44128,b8:37:b2:69:56:b0,-65,29.746,0.105,-1,-1,8,7,-1
RTT,0,44128,b8:37:b2:6a:fa:20,-66,37.492,0.3,-1,-1,8,7,-1
LE,0,44128,51.5706004,13.0033856,1.5,4.36
RTT,0,44892,b8:37:b2:6c:e7:a0,-57,7.609,0.18,-1,-1,8,7,-1
RTT,0,44892,b8:37:b2:69:89:80,-60,16.882,0.165,-1,-1,8,7,-1
RTT,0,44892,b8:37:b2:6b:5d:80,-55,16.734,0.285,-1,-1,8,7,-1
RTT,0,44892,b8:37:b2:6b:11:00,-60,27.414,0.12,-1,-1,8,7,-1
RTT,0,44892,b8:37:b2:69:56:b0,-64,30.277,0.21,-1,-1,8,7,-1
RTT,0,44892,b8:37:b2:6a:fa:20,-67,37.253,0.15,-1,-1,8,7,-1
LE,0,44892,51.5706009,13.0033862,1.5,4.23
RTT,0,45636,b8:37:b2:6c:e7:a0,-57,7.55,0.27,-1,-1,8,7,-1
RTT,0,45636,b8:37:b2:69:89:80,-59,16.566,0.3,-1,-1,8,7,-1
RTT,0,45636,b8:37:b2:6b:5d:80,-55,16.671,0.075,-1,-1,8,7,-1
RTT,0,45636,b8:37:b2:6b:11:00,-60,27.32,0.075,-1,-1,8,7,-1
RTT,0,45636,b8:37:b2:69:56:b0,-65,30.042,0.135,-1,-1,8,7,-1
RTT,0,45636,b8:37:b2:6a:fa:20,-67,37.257,0.27,-1,-1,8,7,-1
LE,0,45636,51.570601,13.0033859,1.5,4.18
RTT,0,46447,b8:37:b2:6c:e7:a0,-57,7.847,0.18,-1,-1,8,7,-1
RTT,0,46447,b8:37:b2:69:89:80,-59,14.851,0.21,-1,-1,8,7,-1
RTT,0,46447,b8:37:b2:6b:5d:80,-55,16.539,0.15,-1,-1,8,7,-1
RTT,0,46447,b8:37:b2:6b:11:00,-60,27.328,0.135,-1,-1,8,7,-1
RTT,0,46447,b8:37:b2:69:56:b0,-65,29.648,0.15,-1,-1,8,7,-1
RTT,0,46447,b8:37:b2:6a:fa:20,-67,37.148,0.135,-1,-1,8,7,-1
LE,0,46447,51.5706003,13.0033814,1.5,3.85
RTT,0,47206,b8:37:b2:6c:e7:a0,-58,8.109,0.285,-1,-1,8,7,-1
RTT,0,47206,b8:37:b2:69:89:80,-60,21.738,0.405,-1,-1,8,7,-1
RTT,0,47206,b8:37:b2:6b:5d:80,-55,16.566,0.135,-1,-1,8,7,-1
RTT,0,47206,b8:37:b2:6b:11:00,-60,27.222,0.195,-1,-1,8,7,-1
RTT,0,47206,b8:37:b2:69:56:b0,-65,29.246,0.24,-1,-1,8,7,-1
RTT,0,47206,b8:37:b2:6a:fa:20,-67,37.144,0.03,-1,-1,8,7,-1
LE,0,47206,51.5706009,13.0033948,1.5,5.44
RTT,0,47965,b8:37:b2:6c:e7:a0,-57,7.64,0.315,-1,-1,8,7,-1
RTT,0,47965,b8:37:b2:69:89:80,-60,18.539,0.33,-1,-1,8,7,-1
RTT,0,47965,b8:37:b2:6b:11:00,-60,27.273,0.15,-1,-1,8,7,-1
RTT,0,47965,b8:37:b2:6b:5d:80,-55,16.199,0.24,-1,-1,8,7,-1
RTT,0,47965,b8:37:b2:69:56:b0,-65,30.531,0.24,-1,-1,8,7,-1
RTT,0,47965,b8:37:b2:6a:fa:20,-66,37.503,0.21,-1,-1,8,7,-1
LE,0,47965,51.5706015,13.0033965,1.5,4.71
RTT,0,48735,b8:37:b2:6c:e7:a0,-57,7.738,0.21,-1,-1,8,7,-1
RTT,0,48735,b8:37:b2:69:89:80,-59,17.386,0.225,-1,-1,8,7,-1
RTT,0,48735,b8:37:b2:6b:11:00,-60,27.339,0.165,-1,-1,8,7,-1
RTT,0,48735,b8:37:b2:6b:5d:80,-55,16.132,0.24,-1,-1,8,7,-1
RTT,0,48735,b8:37:b2:69:56:b0,-65,29.941,0.21,-1,-1,8,7,-1
RTT,0,48735,b8:37:b2:6a:fa:20,-66,37.628,0.21,-1,-1,8,7,-1
LE,0,48735,51.5706016,13.0033946,1.5,4.55
RTT,0,49507,b8:37:b2:6c:e7:a0,-57,7.656,0.165,-1,-1,8,7,-1
RTT,0,49507,b8:37:b2:69:89:80,-60,16.902,0.12,-1,-1,8,7,-1
RTT,0,49507,b8:37:b2:6b:11:00,-60,27.121,0.105,-1,-1,8,7,-1
RTT,0,49507,b8:37:b2:6b:5d:80,-55,16.433,0.045,-1,-1,8,7,-1
RTT,0,49507,b8:37:b2:69:56:b0,-64,30.207,0.12,-1,-1,8,7,-1
RTT,0,49507,b8:37:b2:6a:fa:20,-66,37.468,0.135,-1,-1,8,7,-1
LE,0,49507,51.5706016,13.0033928,1.5,4.28
RTT,0,50271,b8:37:b2:6c:e7:a0,-57,7.847,0.195,-1,-1,8,7,-1
RTT,0,50271,b8:37:b2:69:89:80,-59,16.375,0.195,-1,-1,8,7,-1
RTT,0,50271,b8:37:b2:6b:11:00,-60,27.503,0.09,-1,-1,8,7,-1
RTT,0,50271,b8:37:b2:6b:5d:80,-55,16.468,0.165,-1,-1,8,7,-1
RTT,0,50271,b8:37:b2:69:56:b0,-65,30.054,0.195,-1,-1,8,7,-1
RTT,0,50271,b8:37:b2:6a:fa:20,-67,37.316,0.06,-1,-1,8,7,-1
LE,0,50271,51.5706016,13.0033898,1.5,4.22
RTT,0,51020,b8:37:b2:6c:e7:a0,-57,7.632,0.315,-1,-1,8,7,-1
RTT,0,51020,b8:37:b2:69:89:80,-59,16.832,0.09,-1,-1,8,7,-1
RTT,0,51020,b8:37:b2:6b:11:00,-60,27.386,0.195,-1,-1,8,7,-1
RTT,0,51020,b8:37:b2:6b:5d:80,-55,16.441,0.195,-1,-1,8,7,-1
RTT,0,51020,b8:37:b2:69:56:b0,-65,29.984,0.12,-1,-1,8,7,-1
RTT,0,51020,b8:37:b2:6a:fa:20,-67,37.05,0.045,-1,-1,8,7,-1
LE,0,51020,51.5706014,13.003389,1.5,4.29
RTT,0,51773,b8:37:b2:6c:e7:a0,-57,7.542,0.21,-1,-1,8,7,-1
RTT,0,51773,b8:37:b2:69:89:80,-59,15.73,0.225,-1,-1,8,7,-1
RTT,0,51773,b8:37:b2:6b:11:00,-60,27.296,0.135,-1,-1,8,7,-1
RTT,0,51773,b8:37:b2:6b:5d:80,-56,16.332,0.255,-1,-1,8,7,-1
RTT,0,51773,b8:37:b2:69:56:b0,-65,31.199,0.21,-1,-1,8,7,-1
RTT,0,51773,b8:37:b2:6a:fa:20,-66,37.46,0.18,-1,-1,8,7,-1
LE,0,51773,51.5706016,13.0033859,1.5,3.99
RTT,0,52611,b8:37:b2:6c:e7:a0,-57,7.562,0.03,-1,-1,8,7,-1
RTT,0,52611,b8:37:b2:69:89:80,-60,20.757,0.195,-1,-1,8,7,-1
RTT,0,52611,b8:37:b2:6b:5d:80,-55,16.296,0.15,-1,-1,8,7,-1
RTT,0,52611,b8:37:b2:6b:11:00,-60,27.351,0.135,-1,-1,8,7,-1
RTT,0,52611,b8:37:b2:69:56:b0,-65,29.484,0.105,-1,-1,8,7,-1
RTT,0,52611,b8:37:b2:6a:fa:20,-66,37.468,0.15,-1,-1,8,7,-1
LE,0,52611,51.5706018,13.0033951,1.5,5.32
RTT,0,53357,b8:37:b2:6c:e7:a0,-57,7.82,0.15,-1,-1,8,7,-1
RTT,0,53357,b8:37:b2:69:89:80,-59,17.242,0.435,-1,-1,8,7,-1
RTT,0,53357,b8:37:b2:6b:11:00,-60,27.253,0.225,-1,-1,8,7,-1
RTT,0,53357,b8:37:b2:6b:5d:80,-55,16.628,0.12,-1,-1,8,7,-1
RTT,0,53357,b8:37:b2:69:56:b0,-65,30.039,0.09,-1,-1,8,7,-1
RTT,0,53357,b8:37:b2:6a:fa:20,-66,37.363,0.27,-1,-1,8,7,-1
LE,0,53357,51.5706019,13.003394,1.5,4.34
RTT,0,54113,b8:37:b2:6c:e7:a0,-57,7.718,0.21,-1,-1,8,7,-1
RTT,0,54113,b8:37:b2:69:89:80,-59,15.437,0.135,-1,-1,8,7,-1
RTT,0,54113,b8:37:b2:6b:11:00,-60,27.312,0.075,-1,-1,8,7,-1
RTT,0,54113,b8:37:b2:6b:5d:80,-55,16.519,0.15,-1,-1,8,7,-1
RTT,0,54113,b8:37:b2:69:56:b0,-65,29.8,0.09,-1,-1,8,7,-1
RTT,0,54113,b8:37:b2:6a:fa:20,-66,37.425,0.225,-1,-1,8,7,-1
LE,0,54113,51.5706013,13.0033888,1.5,4.01
RTT,0,54873,b8:37:b2:6c:e7:a0,-57,7.625,0.18,-1,-1,8,7,-1
RTT,0,54873,b8:37:b2:69:89:80,-59,17.718,0.345,-1,-1,8,7,-1
RTT,0,54873,b8:37:b2:6b:5d:80,-55,16.652,0.135,-1,-1,8,7,-1
RTT,0,54873,b8:37:b2:6b:11:00,-60,27.222,0.135,-1,-1,8,7,-1
RTT,0,54873,b8:37:b2:69:56:b0,-65,29.777,0.27,-1,-1,8,7,-1
RTT,0,54873,b8:37:b2:6a:fa:20,-66,37.593,0.06,-1,-1,8,7,-1
LE,0,54873,51.5706015,13.0033904,1.5,4.50
RTT,0,55782,b8:37:b2:6c:e7:a0,-57,7.652,0.21,-1,-1,8,7,-1
RTT,0,55782,b8:37:b2:69:89:80,-59,17.41,0.33,-1,-1,8,7,-1
RTT,0,55782,b8:37:b2:6b:11:00,-60,27.445,0.09,-1,-1,8,7,-1
RTT,0,55782,b8:37:b2:6b:5d:80,-55,16.695,0.15,-1,-1,8,7,-1
RTT,0,55782,b8:37:b2:69:56:b0,-65,29.714,0.135,-1,-1,8,2,-1
RTT,0,55782,b8:37:b2:6a:fa:20,-66,37.445,0.24,-1,-1,8,7,-1
LE,0,55782,51.5706017,13.0033908,1.5,4.44
RTT,0,56630,b8:37:b2:6c:e7:a0,-58,7.64,0.21,-1,-1,8,7,-1
RTT,0,56630,b8:37:b2:69:89:80,-59,18.449,0.27,-1,-1,8,7,-1
RTT,0,56630,b8:37:b2:6b:11:00,-60,27.238,0.135,-1,-1,8,7,-1
RTT,0,56630,b8:37:b2:6b:5d:80,-55,16.5,0.15,-1,-1,8,7,-1
RTT,0,56630,b8:37:b2:69:56:b0,-65,29.421,0.27,-1,-1,8,2,-1
RTT,0,56630,b8:37:b2:6a:fa:20,-66,37.355,0.165,-1,-1,8,7,-1
LE,0,56630,51.570604,13.0033943,1.5,4.83
RTT,0,57374,b8:37:b2:6c:e7:a0,-58,7.582,0.225,-1,-1,8,7,-1
RTT,0,57374,b8:37:b2:69:89:80,-59,17.171,0.465,-1,-1,8,7,-1
RTT,0,57374,b8:37:b2:6b:11:00,-60,27.273,0.105,-1,-1,8,7,-1
RTT,0,57374,b8:37:b2:6b:5d:80,-54,16.597,0.15,-1,-1,8,7,-1
RTT,0,57374,b8:37:b2:6a:fa:20,-67,37.414,0.225,-1,-1,8,7,-1
LE,0,57374,51.5706054,13.0033939,1.5,4.52
RTT,0,58124,b8:37:b2:6c:e7:a0,-56,7.64,0.135,-1,-1,8,7,-1
RTT,0,58124,b8:37:b2:69:89:80,-59,17.656,0.42,-1,-1,8,7,-1
RTT,0,58124,b8:37:b2:6b:11:00,-60,27.21,0.075,-1,-1,8,7,-1
RTT,0,58124,b8:37:b2:6b:5d:80,-55,16.679,0.15,-1,-1,8,7,-1
RTT,0,58124,b8:37:b2:69:56:b0,-65,30.097,0.255,-1,-1,8,7,-1
RTT,0,58124,b8:37:b2:6a:fa:20,-66,37.394,0.24,-1,-1,8,7,-1
LE,0,58124,51.5706046,13.0033943,1.5,4.41
RTT,0,58943,b8:37:b2:6c:e7:a0,-58,7.738,0.12,-1,-1,8,7,-1
RTT,0,58943,b8:37:b2:69:89:80,-59,17.285,0.135,-1,-1,8,7,-1
RTT,0,58943,b8:37:b2:6b:11:00,-60,27.328,0.18,-1,-1,8,7,-1
RTT,0,58943,b8:37:b2:6b:5d:80,-55,16.738,0.075,-1,-1,8,7,-1
RTT,0,58943,b8:37:b2:69:56:b0,-65,29.91,0.165,-1,-1,8,7,-1
RTT,0,58943,b8:37:b2:6a:fa:20,-66,37.511,0.195,-1,-1,8,7,-1
LE,0,58943,51.5706041,13.0033935,1.5,4.37
RTT,0,59704,b8:37:b2:6c:e7:a0,-59,7.429,0.21,-1,-1,8,7,-1
RTT,0,59704,b8:37:b2:69:89:80,-59,18.117,0.3,-1,-1,8,7,-1
RTT,0,59704,b8:37:b2:6b:11:00,-60,27.32,0.105,-1,-1,8,7,-1
RTT,0,59704,b8:37:b2:6b:5d:80,-55,16.734,0.09,-1,-1,8,7,-1
RTT,0,59704,b8:37:b2:69:56:b0,-65,30.066,0.135,-1,-1,8,7,-1
RTT,0,59704,b8:37:b2:6a:fa:20,-67,37.371,0.27,-1,-1,8,7,-1
LE,0,59704,51.5706037,13.0033951,1.5,4.53
RTT,0,60465,b8:37:b2:6c:e7:a0,-58,7.515,0.165,-1,-1,8,7,-1
RTT,0,60465,b8:37:b2:69:89:80,-59,17.355,0.195,-1,-1,8,7,-1
RTT,0,60465,b8:37:b2:6b:11:00,-60,27.214,0.09,-1,-1,8,7,-1
RTT,0,60465,b8:37:b2:6b:5d:80,-55,16.722,0.135,-1,-1,8,7,-1
RTT,0,60465,b8:37:b2:69:56:b0,-65,29.652,0.225,-1,-1,8,7,-1
RTT,0,60465,b8:37:b2:6a:fa:20,-67,37.339,0.18,-1,-1,8,7,-1
LE,0,60465,51.570603,13.0033946,1.5,4.38
RTT,0,61220,b8:37:b2:6c:e7:a0,-60,7.417,0.225,-1,-1,8,7,-1
RTT,0,61220,b8:37:b2:69:89:80,-59,17.128,0.345,-1,-1,8,7,-1
RTT,0,61220,b8:37:b2:6b:11:00,-60,27.21,0.12,-1,-1,8,7,-1
RTT,0,61220,b8:37:b2:6b:5d:80,-55,16.734,0.225,-1,-1,8,7,-1
RTT,0,61220,b8:37:b2:69:56:b0,-65,29.699,0.24,-1,-1,8,7,-1
RTT,0,61220,b8:37:b2:6a:fa:20,-67,37.253,0.165,-1,-1,8,7,-1
LE,0,61220,51.5706024,13.0033938,1.5,4.32
RTT,0,61980,b8:37:b2:6c:e7:a0,-60,7.406,0.315,-1,-1,8,7,-1
RTT,0,61980,b8:37:b2:69:89:80,-59,17.148,0.285,-1,-1,8,7,-1
RTT,0,61980,b8:37:b2:6b:11:00,-60,27.214,0.105,-1,-1,8,7,-1
RTT,0,61980,b8:37:b2:6b:5d:80,-55,16.613,0.18,-1,-1,8,7,-1
RTT,0,61980,b8:37:b2:69:56:b0,-65,29.972,0.12,-1,-1,8,7,-1
RTT,0,61980,b8:37:b2:6a:fa:20,-67,37.246,0.06,-1,-1,8,7,-1
LE,0,61980,51.570602,13.0033931,1.5,4.32
RTT,0,62747,b8:37:b2:6c:e7:a0,-61,8.003,0.225,-1,-1,8,7,-1
RTT,0,62747,b8:37:b2:69:89:80,-59,17.671,0.285,-1,-1,8,7,-1
RTT,0,62747,b8:37:b2:6b:11:00,-60,27.433,0.165,-1,-1,8,7,-1
RTT,0,62747,b8:37:b2:6b:5d:80,-55,16.597,0.195,-1,-1,8,7,-1
RTT,0,62747,b8:37:b2:69:56:b0,-65,29.992,0.15,-1,-1,8,7,-1
RTT,0,62747,b8:37:b2:6a:fa:20,-67,37.375,0.225,-1,-1,8,7,-1
LE,0,62747,51.5706023,13.0033932,1.5,4.48
RTT,0,63500,b8:37:b2:6c:e7:a0,-60,7.468,0.21,-1,-1,8,7,-1
RTT,0,63500,b8:37:b2:69:89:80,-59,17.203,0.39,-1,-1,8,7,-1
RTT,0,63500,b8:37:b2:6b:11:00,-60,27.246,0.09,-1,-1,8,7,-1
RTT,0,63500,b8:37:b2:6b:5d:80,-55,16.71,0.18,-1,-1,8,7,-1
RTT,0,63500,b8:37:b2:69:56:b0,-65,30.257,0.165,-1,-1,8,7,-1
RTT,0,63500,b8:37:b2:6a:fa:20,-66,37.429,0.36,-1,-1,8,7,-1
LE,0,63500,51.5706023,13.0033928,1.5,4.30
RTT,0,64263,b8:37:b2:6c:e7:a0,-59,7.621,0.12,-1,-1,8,7,-1
RTT,0,64263,b8:37:b2:69:89:80,-59,17.929,0.33,-1,-1,8,7,-1
RTT,0,64263,b8:37:b2:6b:11:00,-60,27.363,0.09,-1,-1,8,7,-1
RTT,0,64263,b8:37:b2:6b:5d:80,-55,16.933,0.03,-1,-1,8,7,-1
RTT,0,64263,b8:37:b2:69:56:b0,-65,29.843,0.15,-1,-1,8,7,-1
RTT,0,64263,b8:37:b2:6a:fa:20,-67,37.378,0.195,-1,-1,8,7,-1
LE,0,64263,51.5706024,13.0033942,1.5,4.47
RTT,0,65021,b8:37:b2:6c:e7:a0,-59,7.515,0.225,-1,-1,8,7,-1
RTT,0,65021,b8:37:b2:69:89:80,-59,17.824,0.39,-1,-1,8,7,-1
RTT,0,65021,b8:37:b2:6b:11:00,-60,27.363,0.135,-1,-1,8,7,-1
RTT,0,65021,b8:37:b2:6b:5d:80,-55,16.738,0.12,-1,-1,8,7,-1
RTT,0,65021,b8:37:b2:69:56:b0,-65,29.964,0.15,-1,-1,8,7,-1
RTT,0,65021,b8:37:b2:6a:fa:20,-67,37.406,0.24,-1,-1,8,7,-1
LE,0,65021,51.5706024,13.0033949,1.5,4.49
RTT,0,65772,b8:37:b2:6c:e7:a0,-59,7.5,0.09,-1,-1,8,7,-1
RTT,0,65772,b8:37:b2:69:89:80,-59,17.625,0.255,-1,-1,8,7,-1
RTT,0,65772,b8:37:b2:6b:11:00,-60,27.292,0.12,-1,-1,8,7,-1
RTT,0,65772,b8:37:b2:6b:5d:80,-55,16.64,0.165,-1,-1,8,7,-1
RTT,0,65772,b8:37:b2:69:56:b0,-65,30.125,0.195,-1,-1,8,7,-1
RTT,0,65772,b8:37:b2:6a:fa:20,-67,37.207,0.195,-1,-1,8,7,-1
LE,0,65772,51.5706023,13.003395,1.5,4.41
RTT,0,66537,b8:37:b2:6c:e7:a0,-59,7.488,0.195,-1,-1,8,7,-1
RTT,0,66537,b8:37:b2:69:89:80,-59,17.128,0.345,-1,-1,8,7,-1
RTT,0,66537,b8:37:b2:6b:11:00,-60,27.156,0.045,-1,-1,8,7,-1
RTT,0,66537,b8:37:b2:6b:5d:80,-55,16.683,0.24,-1,-1,8,7,-1
RTT,0,66537,b8:37:b2:69:56:b0,-65,29.902,0.18,-1,-1,8,7,-1
RTT,0,66537,b8:37:b2:6a:fa:20,-66,37.324,0.165,-1,-1,8,7,-1
LE,0,66537,51.570602,13.003394,1.5,4.30
RTT,0,67293,b8:37:b2:6c:e7:a0,-60,7.664,0.24,-1,-1,8,7,-1
RTT,0,67293,b8:37:b2:69:89:80,-59,17.214,0.33,-1,-1,8,7,-1
RTT,0,67293,b8:37:b2:6b:11:00,-60,27.238,0.12,-1,-1,8,7,-1
RTT,0,67293,b8:37:b2:6b:5d:80,-55,16.457,0.18,-1,-1,8,7,-1
RTT,0,67293,b8:37:b2:69:56:b0,-65,30.222,0.075,-1,-1,8,7,-1
RTT,0,67293,b8:37:b2:6a:fa:20,-66,37.367,0.21,-1,-1,8,7,-1
LE,0,67293,51.570602,13.0033931,1.5,4.35
RTT,0,68054,b8:37:b2:6c:e7:a0,-60,7.691,0.165,-1,-1,8,7,-1
RTT,0,68054,b8:37:b2:69:89:80,-59,17.058,0.225,-1,-1,8,7,-1
RTT,0,68054,b8:37:b2:6b:11:00,-60,27.23,0.03,-1,-1,8,7,-1
RTT,0,68054,b8:37:b2:6b:5d:80,-55,16.617,0.15,-1,-1,8,7,-1
RTT,0,68054,b8:37:b2:69:56:b0,-65,30.621,0.375,-1,-1,8,7,-1
RTT,0,68054,b8:37:b2:6a:fa:20,-67,37.222,0.195,-1,-1,8,7,-1
LE,0,68054,51.5706022,13.0033924,1.5,4.22
RTT,0,68814,b8:37:b2:6c:e7:a0,-59,7.343,0.15,-1,-1,8,7,-1
RTT,0,68814,b8:37:b2:69:89:80,-59,17.14,0.33,-1,-1,8,7,-1
RTT,0,68814,b8:37:b2:6b:11:00,-60,27.261,0.18,-1,-1,8,7,-1
RTT,0,68814,b8:37:b2:6b:5d:80,-55,16.644,0.12,-1,-1,8,7,-1
RTT,0,68814,b8:37:b2:69:56:b0,-65,30.074,0.165,-1,-1,8,7,-1
RTT,0,68814,b8:37:b2:6a:fa:20,-66,37.308,0.225,-1,-1,8,7,-1
LE,0,68814,51.570602,13.0033921,1.5,4.32
RTT,0,69645,b8:37:b2:6c:e7:a0,-58,7.859,0.03,-1,-1,8,7,-1
RTT,0,69645,b8:37:b2:69:89:80,-59,17.718,0.24,-1,-1,8,7,-1
RTT,0,69645,b8:37:b2:6b:11:00,-60,27.273,0.135,-1,-1,8,7,-1
RTT,0,69645,b8:37:b2:6b:5d:80,-55,16.683,0.24,-1,-1,8,7,-1
RTT,0,69645,b8:37:b2:69:56:b0,-65,29.859,0.105,-1,-1,8,4,-1
RTT,0,69645,b8:37:b2:6a:fa:20,-66,37.363,0.135,-1,-1,8,7,-1
LE,0,69645,51.5706021,13.0033929,1.5,4.45
RTT,0,70411,b8:37:b2:6c:e7:a0,-58,7.664,0.105,-1,-1,8,7,-1
RTT,0,70411,b8:37:b2:69:89:80,-59,17.292,0.345,-1,-1,8,7,-1
RTT,0,70411,b8:37:b2:6b:11:00,-60,27.406,0.12,-1,-1,8,7,-1
RTT,0,70411,b8:37:b2:6b:5d:80,-55,16.402,0.075,-1,-1,8,7,-1
RTT,0,70411,b8:37:b2:69:56:b0,-65,30.253,0.105,-1,-1,8,7,-1
RTT,0,70411,b8:37:b2:6a:fa:20,-67,37.464,0.24,-1,-1,8,7,-1
LE,0,70411,51.5706022,13.0033922,1.5,4.42
RTT,0,71165,b8:37:b2:6c:e7:a0,-57,7.949,0.21,-1,-1,8,7,-1
RTT,0,71165,b8:37:b2:69:89:80,-59,17.675,0.435,-1,-1,8,7,-1
RTT,0,71165,b8:37:b2:6b:11:00,-60,27.125,0.09,-1,-1,8,7,-1
RTT,0,71165,b8:37:b2:6b:5d:80,-55,16.691,0.15,-1,-1,8,7,-1
RTT,0,71165,b8:37:b2:69:56:b0,-65,30.144,0.12,-1,-1,8,7,-1
RTT,0,71165,b8:37:b2:6a:fa:20,-67,37.195,0.27,-1,-1,8,7,-1
LE,0,71165,51.5706023,13.0033932,1.5,4.36
RTT,0,71906,b8:37:b2:6c:e7:a0,-56,7.71,0.27,-1,-1,8,7,-1
RTT,0,71906,b8:37:b2:69:89:80,-60,17.527,0.33,-1,-1,8,7,-1
RTT,0,71906,b8:37:b2:6b:11:00,-60,27.335,0.06,-1,-1,8,7,-1
RTT,0,71906,b8:37:b2:6b:5d:80,-55,16.816,0.09,-1,-1,8,7,-1
RTT,0,71906,b8:37:b2:69:56:b0,-65,30.187,0.21,-1,-1,8,7,-1
RTT,0,71906,b8:37:b2:6a:fa:20,-67,37.128,0.135,-1,-1,8,7,-1
LE,0,71906,51.5706024,13.0033937,1.5,4.33
RTT,0,72667,b8:37:b2:6c:e7:a0,-57,7.652,0.21,-1,-1,8,7,-1
RTT,0,72667,b8:37:b2:69:89:80,-59,17.472,0.42,-1,-1,8,7,-1
RTT,0,72667,b8:37:b2:6b:11:00,-60,27.253,0.195,-1,-1,8,7,-1
RTT,0,72667,b8:37:b2:6b:5d:80,-55,16.621,0.105,-1,-1,8,7,-1
RTT,0,72667,b8:37:b2:69:56:b0,-65,29.945,0.15,-1,-1,8,7,-1
RTT,0,72667,b8:37:b2:6a:fa:20,-67,37.273,0.18,-1,-1,8,7,-1
LE,0,72667,51.5706022,13.0033937,1.5,4.40
RTT,0,73422,b8:37:b2:6c:e7:a0,-57,7.878,0.345,-1,-1,8,7,-1
RTT,0,73422,b8:37:b2:69:89:80,-59,17.765,0.36,-1,-1,8,7,-1
RTT,0,73422,b8:37:b2:6b:11:00,-60,27.304,0.135,-1,-1,8,7,-1
RTT,0,73422,b8:37:b2:6b:5d:80,-55,16.542,0.18,-1,-1,8,7,-1
RTT,0,73422,b8:37:b2:69:56:b0,-65,30.035,0.165,-1,-1,8,7,-1
RTT,0,73422,b8:37:b2:6a:fa:20,-67,37.378,0.285,-1,-1,8,7,-1
LE,0,73422,51.5706024,13.003394,1.5,4.48
RTT,0,74183,b8:37:b2:6c:e7:a0,-57,7.765,0.27,-1,-1,8,7,-1
RTT,0,74183,b8:37:b2:69:89:80,-59,17.203,0.36,-1,-1,8,7,-1
RTT,0,74183,b8:37:b2:6b:11:00,-60,27.32,0.18,-1,-1,8,7,-1
RTT,0,74183,b8:37:b2:6b:5d:80,-55,16.703,0.03,-1,-1,8,7,-1
RTT,0,74183,b8:37:b2:69:56:b0,-65,30.046,0.165,-1,-1,8,7,-1
RTT,0,74183,b8:37:b2:6a:fa:20,-66,37.558,0.24,-1,-1,8,7,-1
LE,0,74183,51.5706025,13.003393,1.5,4.35
RTT,0,74957,b8:37:b2:6c:e7:a0,-57,7.976,0.27,-1,-1,8,7,-1
RTT,0,74957,b8:37:b2:69:89:80,-59,17.64,0.36,-1,-1,8,7,-1
RTT,0,74957,b8:37:b2:6b:11:00,-60,27.304,0.135,-1,-1,8,7,-1
RTT,0,74957,b8:37:b2:6b:5d:80,-55,16.703,0.225,-1,-1,8,7,-1
RTT,0,74957,b8:37:b2:69:56:b0,-65,30.195,0.255,-1,-1,8,7,-1
RTT,0,74957,b8:37:b2:6a:fa:20,-66,37.39,0.225,-1,-1,8,7,-1
LE,0,74957,51.5706028,13.0033934,1.5,4.40
RTT,0,75715,b8:37:b2:6c:e7:a0,-57,7.656,0.135,-1,-1,8,7,-1
RTT,0,75715,b8:37:b2:69:89:80,-59,17.48,0.375,-1,-1,8,7,-1
RTT,0,75715,b8:37:b2:6b:11:00,-60,27.101,0.03,-1,-1,8,7,-1
RTT,0,75715,b8:37:b2:6b:5d:80,-55,16.621,0.21,-1,-1,8,7,-1
RTT,0,75715,b8:37:b2:69:56:b0,-65,30.199,0.195,-1,-1,8,7,-1
RTT,0,75715,b8:37:b2:6a:fa:20,-67,37.269,0.315,-1,-1,8,7,-1
LE,0,75715,51.5706026,13.0033937,1.5,4.34
RTT,0,76481,b8:37:b2:6c:e7:a0,-57,7.753,0.165,-1,-1,8,7,-1
RTT,0,76481,b8:37:b2:69:89:80,-59,17.398,0.315,-1,-1,8,7,-1
RTT,0,76481,b8:37:b2:6b:11:00,-60,27.257,0.135,-1,-1,8,7,-1
RTT,0,76481,b8:37:b2:6b:5d:80,-55,16.726,0.12,-1,-1,8,7,-1
RTT,0,76481,b8:37:b2:69:56:b0,-65,30.007,0.105,-1,-1,8,7,-1
RTT,0,76481,b8:37:b2:6a:fa:20,-67,37.527,0.12,-1,-1,8,7,-1
LE,0,76481,51.5706026,13.0033934,1.5,4.37
RTT,0,77242,b8:37:b2:6c:e7:a0,-57,7.589,0.165,-1,-1,8,7,-1
RTT,0,77242,b8:37:b2:69:89:80,-59,17.25,0.105,-1,-1,8,7,-1
RTT,0,77242,b8:37:b2:6b:11:00,-60,27.285,0.12,-1,-1,8,7,-1
RTT,0,77242,b8:37:b2:6b:5d:80,-55,16.667,0.09,-1,-1,8,7,-1
RTT,0,77242,b8:37:b2:69:56:b0,-65,30.328,0.075,-1,-1,8,7,-1
RTT,0,77242,b8:37:b2:6a:fa:20,-66,37.281,0.21,-1,-1,8,7,-1
LE,0,77242,51.5706025,13.003393,1.5,4.30
RTT,0,77992,b8:37:b2:6c:e7:a0,-57,7.707,0.105,-1,-1,8,7,-1
RTT,0,77992,b8:37:b2:69:89:80,-59,17.488,0.195,-1,-1,8,7,-1
RTT,0,77992,b8:37:b2:6b:11:00,-60,27.222,0.12,-1,-1,8,7,-1
RTT,0,77992,b8:37:b2:6b:5d:80,-55,16.781,0.15,-1,-1,8,7,-1
RTT,0,77992,b8:37:b2:69:56:b0,-65,30.093,0.135,-1,-1,8,7,-1
RTT,0,77992,b8:37:b2:6a:fa:20,-67,37.207,0.21,-1,-1,8,7,-1
LE,0,77992,51.5706024,13.0033934,1.5,4.33
RTT,0,78764,b8:37:b2:6c:e7:a0,-57,7.664,0.15,-1,-1,8,7,-1
RTT,0,78764,b8:37:b2:69:89:80,-59,17.136,0.3,-1,-1,8,7,-1
RTT,0,78764,b8:37:b2:6b:11:00,-60,27.308,0.09,-1,-1,8,7,-1
RTT,0,78764,b8:37:b2:6b:5d:80,-55,16.636,0.195,-1,-1,8,7,-1
RTT,0,78764,b8:37:b2:69:56:b0,-65,30.097,0.165,-1,-1,8,7,-1
RTT,0,78764,b8:37:b2:6a:fa:20,-67,37.269,0.36,-1,-1,8,7,-1
LE,0,78764,51.5706023,13.0033926,1.5,4.31
RTT,0,79512,b8:37:b2:6c:e7:a0,-57,7.582,0.18,-1,-1,8,7,-1
RTT,0,79512,b8:37:b2:69:89:80,-59,17.175,0.345,-1,-1,8,7,-1
RTT,0,79512,b8:37:b2:6b:11:00,-60,27.253,0.15,-1,-1,8,7,-1
RTT,0,79512,b8:37:b2:6b:5d:80,-55,16.796,0.12,-1,-1,8,7,-1
RTT,0,79512,b8:37:b2:69:56:b0,-65,30.257,0.15,-1,-1,8,7,-1
RTT,0,79512,b8:37:b2:6a:fa:20,-67,37.183,0.27,-1,-1,8,7,-1
LE,0,79512,51.5706023,13.0033925,1.5,4.24
RTT,0,80274,b8:37:b2:6c:e7:a0,-57,7.492,0.225,-1,-1,8,7,-1
RTT,0,80274,b8:37:b2:69:89:80,-59,17.382,0.21,-1,-1,8,7,-1
RTT,0,80274,b8:37:b2:6b:11:00,-60,27.375,0.135,-1,-1,8,7,-1
RTT,0,80274,b8:37:b2:6b:5d:80,-55,16.632,0.18,-1,-1,8,7,-1
RTT,0,80274,b8:37:b2:69:56:b0,-65,30.128,0.135,-1,-1,8,7,-1
RTT,0,80274,b8:37:b2:6a:fa:20,-67,37.195,0.33,-1,-1,8,7,-1
LE,0,80274,51.5706022,13.0033926,1.5,4.37
RTT,0,81028,b8:37:b2:6c:e7:a0,-57,7.593,0.315,-1,-1,8,7,-1
RTT,0,81028,b8:37:b2:69:89:80,-59,17.746,0.27,-1,-1,8,7,-1
RTT,0,81028,b8:37:b2:6b:11:00,-60,27.281,0.15,-1,-1,8,7,-1
RTT,0,81028,b8:37:b2:6b:5d:80,-55,16.761,0.18,-1,-1,8,7,-1
RTT,0,81028,b8:37:b2:6a:fa:20,-67,37.265,0.165,-1,-1,8,7,-1
LE,0,81028,51.5706023,13.0033937,1.5,4.41
RTT,0,81785,b8:37:b2:6c:e7:a0,-56,7.82,0.135,-1,-1,8,7,-1
RTT,0,81785,b8:37:b2:69:89:80,-59,17.589,0.105,-1,-1,8,7,-1
RTT,0,81785,b8:37:b2:6b:11:00,-60,27.257,0.135,-1,-1,8,7,-1
RTT,0,81785,b8:37:b2:6b:5d:80,-55,16.792,0.18,-1,-1,8,7,-1
RTT,0,81785,b8:37:b2:69:56:b0,-65,30.195,0.21,-1,-1,8,7,-1
RTT,0,81785,b8:37:b2:6a:fa:20,-66,37.226,0.06,-1,-1,8,7,-1
LE,0,81785,51.5706024,13.0033941,1.5,4.34
RTT,0,82542,b8:37:b2:6c:e7:a0,-57,7.648,0.165,-1,-1,8,7,-1
RTT,0,82542,b8:37:b2:69:89:80,-59,17.707,0.27,-1,-1,8,7,-1
RTT,0,82542,b8:37:b2:6b:11:00,-60,27.3,0.135,-1,-1,8,7,-1
RTT,0,82542,b8:37:b2:6b:5d:80,-55,16.5,0.045,-1,-1,8,7,-1
RTT,0,82542,b8:37:b2:69:56:b0,-65,30.046,0.165,-1,-1,8,7,-1
RTT,0,82542,b8:37:b2:6a:fa:20,-67,37.347,0.15,-1,-1,8,7,-1
LE,0,82542,51.5706023,13.0033943,1.5,4.48
RTT,0,83309,b8:37:b2:6c:e7:a0,-57,7.718,0.195,-1,-1,8,7,-1
RTT,0,83309,b8:37:b2:69:89:80,-59,17.82,0.225,-1,-1,8,7,-1
RTT,0,83309,b8:37:b2:6b:11:00,-60,27.304,0.09,-1,-1,8,7,-1
RTT,0,83309,b8:37:b2:6b:5d:80,-55,16.738,0.135,-1,-1,8,7,-1
RTT,0,83309,b8:37:b2:69:56:b0,-65,30.132,0.12,-1,-1,8,7,-1
RTT,0,83309,b8:37:b2:6a:fa:20,-67,37.316,0.21,-1,-1,8,7,-1
LE,0,83309,51.5706024,13.003395,1.5,4.44
RTT,0,84074,b8:37:b2:6c:e7:a0,-57,7.839,0.24,-1,-1,8,7,-1
RTT,0,84074,b8:37:b2:69:89:80,-59,17.703,0.36,-1,-1,8,7,-1
RTT,0,84074,b8:37:b2:6b:11:00,-60,27.25,0.135,-1,-1,8,7,-1
RTT,0,84074,b8:37:b2:6b:5d:80,-55,18.656,0.105,-1,-1,8,7,-1
RTT,0,84074,b8:37:b2:69:56:b0,-65,30.203,0.27,-1,-1,8,7,-1
RTT,0,84074,b8:37:b2:6a:fa:20,-67,37.472,0.135,-1,-1,8,7,-1
LE,0,84074,51.5706035,13.0033973,1.5,3.97
RTT,0,84840,b8:37:b2:6c:e7:a0,-57,7.71,0.165,-1,-1,8,7,-1
RTT,0,84840,b8:37:b2:69:89:80,-59,17.589,0.24,-1,-1,8,7,-1
RTT,0,84840,b8:37:b2:6b:11:00,-60,27.312,0.18,-1,-1,8,7,-1
RTT,0,84840,b8:37:b2:6b:5d:80,-55,16.597,0.135,-1,-1,8,7,-1
RTT,0,84840,b8:37:b2:69:56:b0,-65,30.23,0.09,-1,-1,8,7,-1
RTT,0,84840,b8:37:b2:6a:fa:20,-67,37.214,0.18,-1,-1,8,7,-1
LE,0,84840,51.5706033,13.0033966,1.5,4.40
RTT,0,85586,b8:37:b2:6c:e7:a0,-57,7.64,0.225,-1,-1,8,7,-1
RTT,0,85586,b8:37:b2:69:89:80,-59,17.742,0.36,-1,-1,8,7,-1
RTT,0,85586,b8:37:b2:6b:11:00,-60,27.226,0.15,-1,-1,8,7,-1
RTT,0,85586,b8:37:b2:6b:5d:80,-55,16.73,0.105,-1,-1,8,7,-1
RTT,0,85586,b8:37:b2:69:56:b0,-65,30.472,0.165,-1,-1,8,7,-1
RTT,0,85586,b8:37:b2:6a:fa:20,-67,37.242,0.165,-1,-1,8,7,-1
LE,0,85586,51.5706033,13.0033968,1.5,4.36
RTT,0,86351,b8:37:b2:6c:e7:a0,-57,7.601,0.24,-1,-1,8,7,-1
RTT,0,86351,b8:37:b2:69:89:80,-59,17.48,0.36,-1,-1,8,7,-1
RTT,0,86351,b8:37:b2:6b:11:00,-60,27.312,0.18,-1,-1,8,7,-1
RTT,0,86351,b8:37:b2:6b:5d:80,-55,16.734,0.195,-1,-1,8,7,-1
RTT,0,86351,b8:37:b2:69:56:b0,-65,30.335,0.21,-1,-1,8,7,-1
RTT,0,86351,b8:37:b2:6a:fa:20,-67,37.421,0.165,-1,-1,8,7,-1
LE,0,86351,51.5706033,13.003396,1.5,4.36
RTT,0,87204,b8:37:b2:6c:e7:a0,-57,7.859,0.255,-1,-1,8,7,-1
RTT,0,87204,b8:37:b2:69:89:80,-59,17.71,0.21,-1,-1,8,7,-1
RTT,0,87204,b8:37:b2:6b:11:00,-60,27.32,0.135,-1,-1,8,7,-1
RTT,0,87204,b8:37:b2:6b:5d:80,-55,16.824,0.12,-1,-1,8,7,-1
RTT,0,87204,b8:37:b2:69:56:b0,-65,33.117,0.15,-1,-1,8,6,-1
RTT,0,87204,b8:37:b2:6a:fa:20,-67,37.355,0.285,-1,-1,8,7,-1
LE,0,87204,51.5706049,13.0033965,1.5,4.17
RTT,0,87965,b8:37:b2:6c:e7:a0,-57,7.632,0.21,-1,-1,8,7,-1
RTT,0,87965,b8:37:b2:69:89:80,-59,17.644,0.39,-1,-1,8,7,-1
RTT,0,87965,b8:37:b2:6b:11:00,-60,27.238,0.03,-1,-1,8,7,-1
RTT,0,87965,b8:37:b2:6b:5d:80,-55,16.582,0.135,-1,-1,8,7,-1
RTT,0,87965,b8:37:b2:69:56:b0,-65,30.328,0.225,-1,-1,8,7,-1
RTT,0,87965,b8:37:b2:6a:fa:20,-67,37.429,0.3,-1,-1,8,7,-1
LE,0,87965,51.5706044,13.0033961,1.5,4.42
RTT,0,88729,b8:37:b2:6c:e7:a0,-57,7.648,0.255,-1,-1,8,7,-1
RTT,0,88729,b8:37:b2:69:89:80,-59,17.335,0.06,-1,-1,8,7,-1
RTT,0,88729,b8:37:b2:6b:11:00,-60,27.281,0.06,-1,-1,8,7,-1
RTT,0,88729,b8:37:b2:6b:5d:80,-55,16.648,0.21,-1,-1,8,7,-1
RTT,0,88729,b8:37:b2:69:56:b0,-65,30.218,0.12,-1,-1,8,7,-1
RTT,0,88729,b8:37:b2:6a:fa:20,-66,37.371,0.27,-1,-1,8,7,-1
LE,0,88729,51.5706039,13.0033951,1.5,4.35
RTT,0,89489,b8:37:b2:6c:e7:a0,-57,7.777,0.165,-1,-1,8,7,-1
RTT,0,89489,b8:37:b2:69:89:80,-59,17.382,0.3,-1,-1,8,7,-1
RTT,0,89489,b8:37:b2:6b:11:00,-60,27.285,0.165,-1,-1,8,7,-1
RTT,0,89489,b8:37:b2:6b:5d:80,-55,16.765,0.195,-1,-1,8,7,-1
RTT,0,89489,b8:37:b2:69:56:b0,-65,30.285,0.24,-1,-1,8,7,-1
RTT,0,89489,b8:37:b2:6a:fa:20,-66,37.324,0.18,-1,-1,8,7,-1
LE,0,89489,51.5706037,13.0033946,1.5,4.31
RTT,0,90310,b8:37:b2:6c:e7:a0,-57,7.656,0.135,-1,-1,8,7,-1
RTT,0,90310,b8:37:b2:69:89:80,-59,17.035,0.135,-1,-1,8,7,-1
RTT,0,90310,b8:37:b2:6b:11:00,-60,27.269,0.075,-1,-1,8,7,-1
RTT,0,90310,b8:37:b2:6b:5d:80,-55,16.746,0.12,-1,-1,8,7,-1
RTT,0,90310,b8:37:b2:69:56:b0,-65,30.39,0.21,-1,-1,8,7,-1
RTT,0,90310,b8:37:b2:6a:fa:20,-67,37.281,0.27,-1,-1,8,7,-1
LE,0,90310,51.5706034,13.0033935,1.5,4.22
RTT,0,91069,b8:37:b2:6c:e7:a0,-57,7.667,0.225,-1,-1,8,7,-1
RTT,0,91069,b8:37:b2:69:89:80,-59,17.453,0.27,-1,-1,8,7,-1
RTT,0,91069,b8:37:b2:6b:11:00,-60,27.363,0.12,-1,-1,8,7,-1
RTT,0,91069,b8:37:b2:6b:5d:80,-55,16.781,0.06,-1,-1,8,7,-1
RTT,0,91069,b8:37:b2:69:56:b0,-65,30.332,0.045,-1,-1,8,7,-1
RTT,0,91069,b8:37:b2:6a:fa:20,-67,37.359,0.225,-1,-1,8,7,-1
LE,0,91069,51.5706034,13.0033935,1.5,4.34
RTT,0,91832,b8:37:b2:6c:e7:a0,-57,7.609,0.21,-1,-1,8,7,-1
RTT,0,91832,b8:37:b2:69:89:80,-59,17.882,0.285,-1,-1,8,7,-1
RTT,0,91832,b8:37:b2:6b:11:00,-60,27.277,0.135,-1,-1,8,7,-1
RTT,0,91832,b8:37:b2:6b:5d:80,-55,16.742,0.105,-1,-1,8,7,-1
RTT,0,91832,b8:37:b2:69:56:b0,-65,30.261,0.195,-1,-1,8,7,-1
RTT,0,91832,b8:37:b2:6a:fa:20,-66,37.312,0.105,-1,-1,8,7,-1
LE,0,91832,51.5706033,13.0033946,1.5,4.43
RTT,0,92593,b8:37:b2:6c:e7:a0,-57,7.546,0.255,-1,-1,8,7,-1
RTT,0,92593,b8:37:b2:69:89:80,-59,17.882,0.36,-1,-1,8,7,-1
RTT,0,92593,b8:37:b2:6b:11:00,-60,27.445,0.03,-1,-1,8,7,-1
RTT,0,92593,b8:37:b2:6b:5d:80,-55,16.703,0.165,-1,-1,8,7,-1
RTT,0,92593,b8:37:b2:69:56:b0,-65,30.109,0.195,-1,-1,8,7,-1
RTT,0,92593,b8:37:b2:6a:fa:20,-67,37.234,0.195,-1,-1,8,7,-1
LE,0,92593,51.5706031,13.0033953,1.5,4.48
RTT,0,93364,b8:37:b2:6c:e7:a0,-57,7.671,0.18,-1,-1,8,7,-1
RTT,0,93364,b8:37:b2:69:89:80,-59,17.824,0.24,-1,-1,8,7,-1
RTT,0,93364,b8:37:b2:6b:11:00,-60,27.246,0.12,-1,-1,8,7,-1
RTT,0,93364,b8:37:b2:6b:5d:80,-55,16.738,0.195,-1,-1,8,7,-1
RTT,0,93364,b8:37:b2:69:56:b0,-65,30.121,0.18,-1,-1,8,7,-1
LE,0,93364,51.570603,13.0033959,1.5,4.42
RTT,0,94136,b8:37:b2:6c:e7:a0,-57,7.722,0.27,-1,-1,8,7,-1
RTT,0,94136,b8:37:b2:69:89:80,-59,18.0,0.345,-1,-1,8,7,-1
RTT,0,94136,b8:37:b2:6b:11:00,-60,27.277,0.105,-1,-1,8,7,-1
RTT,0,94136,b8:37:b2:6b:5d:80,-55,16.746,0.135,-1,-1,8,7,-1
RTT,0,94136,b8:37:b2:69:56:b0,-65,30.136,0.06,-1,-1,8,7,-1
RTT,0,94136,b8:37:b2:6a:fa:20,-67,37.347,0.21,-1,-1,8,7,-1
LE,0,94136,51.570603,13.0033966,1.5,4.47
RTT,0,94900,b8:37:b2:6c:e7:a0,-57,7.601,0.18,-1,-1,8,7,-1
RTT,0,94900,b8:37:b2:69:89:80,-59,17.644,0.36,-1,-1,8,7,-1
RTT,0,94900,b8:37:b2:6b:11:00,-60,27.203,0.12,-1,-1,8,7,-1
RTT,0,94900,b8:37:b2:6b:5d:80,-55,16.808,0.21,-1,-1,8,7,-1
RTT,0,94900,b8:37:b2:69:56:b0,-65,30.035,0.105,-1,-1,8,7,-1
RTT,0,94900,b8:37:b2:6a:fa:20,-66,37.378,0.21,-1,-1,8,7,-1
LE,0,94900,51.5706029,13.0033965,1.5,4.39
RTT,0,95666,b8:37:b2:6c:e7:a0,-58,7.867,0.315,-1,-1,8,7,-1
RTT,0,95666,b8:37:b2:69:89:80,-59,17.777,0.195,-1,-1,8,7,-1
RTT,0,95666,b8:37:b2:6b:11:00,-60,27.257,0.135,-1,-1,8,7,-1
RTT,0,95666,b8:37:b2:6b:5d:80,-55,16.812,0.105,-1,-1,8,7,-1
RTT,0,95666,b8:37:b2:69:56:b0,-65,30.316,0.24,-1,-1,8,7,-1
RTT,0,95666,b8:37:b2:6a:fa:20,-66,37.437,0.24,-1,-1,8,7,-1
LE,0,95666,51.5706032,13.0033965,1.5,4.39
RTT,0,96465,b8:37:b2:6c:e7:a0,-57,7.757,0.12,-1,-1,8,7,-1
RTT,0,96465,b8:37:b2:69:89:80,-59,17.648,0.225,-1,-1,8,7,-1
RTT,0,96465,b8:37:b2:6b:11:00,-60,27.207,0.105,-1,-1,8,7,-1
RTT,0,96465,b8:37:b2:6b:5d:80,-55,16.761,0.195,-1,-1,8,7,-1
RTT,0,96465,b8:37:b2:69:56:b0,-65,30.304,0.135,-1,-1,8,7,-1
RTT,0,96465,b8:37:b2:6a:fa:20,-66,37.316,0.18,-1,-1,8,7,-1
LE,0,96465,51.5706032,13.0033964,1.5,4.35
RTT,0,97218,b8:37:b2:6c:e7:a0,-57,7.789,0.075,-1,-1,8,7,-1
RTT,0,97218,b8:37:b2:69:89:80,-59,17.593,0.21,-1,-1,8,7,-1
RTT,0,97218,b8:37:b2:6b:11:00,-60,27.167,0.12,-1,-1,8,7,-1
RTT,0,97218,b8:37:b2:6b:5d:80,-55,16.761,0.18,-1,-1,8,7,-1
RTT,0,97218,b8:37:b2:69:56:b0,-65,30.292,0.21,-1,-1,8,7,-1
RTT,0,97218,b8:37:b2:6a:fa:20,-66,37.382,0.18,-1,-1,8,7,-1
LE,0,97218,51.5706032,13.0033962,1.5,4.34
RTT,0,97987,b8:37:b2:6c:e7:a0,-57,7.742,0.06,-1,-1,8,7,-1
RTT,0,97987,b8:37:b2:69:89:80,-59,17.027,0.045,-1,-1,8,7,-1
RTT,0,97987,b8:37:b2:6b:11:00,-60,27.41,0.195,-1,-1,8,7,-1
RTT,0,97987,b8:37:b2:6b:5d:80,-55,16.664,0.195,-1,-1,8,7,-1
RTT,0,97987,b8:37:b2:69:56:b0,-65,30.312,0.15,-1,-1,8,7,-1
RTT,0,97987,b8:37:b2:6a:fa:20,-66,37.511,0.24,-1,-1,8,7,-1
LE,0,97987,51.5706032,13.0033942,1.5,4.30
RTT,0,98745,b8:37:b2:6c:e7:a0,-57,7.644,0.255,-1,-1,8,7,-1
RTT,0,98745,b8:37:b2:69:89:80,-59,17.441,0.225,-1,-1,8,7,-1
RTT,0,98745,b8:37:b2:6b:11:00,-60,27.343,0.105,-1,-1,8,7,-1
RTT,0,98745,b8:37:b2:6b:5d:80,-55,16.82,0.21,-1,-1,8,7,-1
RTT,0,98745,b8:37:b2:69:56:b0,-65,30.539,0.3,-1,-1,8,7,-1
RTT,0,98745,b8:37:b2:6a:fa:20,-66,37.289,0.225,-1,-1,8,7,-1
LE,0,98745,51.5706033,13.0033942,1.5,4.29
RTT,0,99507,b8:37:b2:6c:e7:a0,-57,7.542,0.195,-1,-1,8,7,-1
RTT,0,99507,b8:37:b2:69:89:80,-59,17.515,0.285,-1,-1,8,7,-1
RTT,0,99507,b8:37:b2:6b:11:00,-60,27.218,0.165,-1,-1,8,7,-1
RTT,0,99507,b8:37:b2:6b:5d:80,-55,16.757,0.15,-1,-1,8,7,-1
RTT,0,99507,b8:37:b2:69:56:b0,-65,30.367,0.21,-1,-1,8,7,-1
RTT,0,99507,b8:37:b2:6a:fa:20,-66,37.324,0.135,-1,-1,8,7,-1
LE,0,99507,51.5706031,13.0033944,1.5,4.33
RTT,0,100266,b8:37:b2:6c:e7:a0,-57,7.632,0.255,-1,-1,8,7,-1
RTT,0,100266,b8:37:b2:69:89:80,-59,17.644,0.33,-1,-1,8,7,-1
RTT,0,100266,b8:37:b2:6b:11:00,-60,27.304,0.12,-1,-1,8,7,-1
RTT,0,100266,b8:37:b2:6b:5d:80,-55,16.617,0.15,-1,-1,8,7,-1
RTT,0,100266,b8:37:b2:6a:fa:20,-67,37.371,0.21,-1,-1,8,7,-1
LE,0,100266,51.5706031,13.0033946,1.5,4.41
RTT,0,101027,b8:37:b2:6c:e7:a0,-57,7.714,0.165,-1,-1,8,7,-1
RTT,0,101027,b8:37:b2:69:89:80,-59,17.839,0.15,-1,-1,8,7,-1
RTT,0,101027,b8:37:b2:6b:11:00,-60,27.335,0.165,-1,-1,8,7,-1
RTT,0,101027,b8:37:b2:6b:5d:80,-55,16.683,0.135,-1,-1,8,7,-1
RTT,0,101027,b8:37:b2:69:56:b0,-65,30.148,0.06,-1,-1,8,7,-1
RTT,0,101027,b8:37:b2:6a:fa:20,-66,37.48,0.165,-1,-1,8,7,-1
LE,0,101027,51.5706031,13.003395,1.5,4.48
RTT,0,101789,b8:37:b2:6c:e7:a0,-57,7.699,0.225,-1,-1,8,7,-1
RTT,0,101789,b8:37:b2:69:89:80,-59,17.562,0.21,-1,-1,8,7,-1
RTT,0,101789,b8:37:b2:6b:11:00,-60,27.261,0.165,-1,-1,8,7,-1
RTT,0,101789,b8:37:b2:6b:5d:80,-55,16.691,0.12,-1,-1,8,7,-1
RTT,0,101789,b8:37:b2:69:56:b0,-65,30.273,0.15,-1,-1,8,7,-1
RTT,0,101789,b8:37:b2:6a:fa:20,-67,37.328,0.195,-1,-1,8,7,-1
LE,0,101789,51.570603,13.0033949,1.5,4.37
RTT,0,102548,b8:37:b2:6c:e7:a0,-57,7.742,0.21,-1,-1,8,7,-1
RTT,0,102548,b8:37:b2:69:89:80,-59,17.8,0.345,-1,-1,8,7,-1
RTT,0,102548,b8:37:b2:6b:11:00,-60,27.312,0.12,-1,-1,8,7,-1
RTT,0,102548,b8:37:b2:6b:5d:80,-55,16.726,0.165,-1,-1,8,7,-1
RTT,0,102548,b8:37:b2:69:56:b0,-65,30.097,0.18,-1,-1,8,7,-1
RTT,0,102548,b8:37:b2:6a:fa:20,-66,37.335,0.165,-1,-1,8,7,-1
LE,0,102548,51.570603,13.0033953,1.5,4.44
RTT,0,103312,b8:37:b2:6c:e7:a0,-57,7.757,0.15,-1,-1,8,7,-1
RTT,0,103312,b8:37:b2:69:89:80,-59,17.378,0.345,-1,-1,8,7,-1
RTT,0,103312,b8:37:b2:6b:11:00,-60,27.363,0.105,-1,-1,8,7,-1
RTT,0,103312,b8:37:b2:6b:5d:80,-55,16.714,0.24,-1,-1,8,7,-1
RTT,0,103312,b8:37:b2:69:56:b0,-65,30.207,0.18,-1,-1,8,7,-1
RTT,0,103312,b8:37:b2:6a:fa:20,-66,37.347,0.21,-1,-1,8,7,-1
LE,0,103312,51.570603,13.0033946,1.5,4.35
RTT,0,104067,b8:37:b2:6c:e7:a0,-57,7.652,0.15,-1,-1,8,7,-1
RTT,0,104067,b8:37:b2:69:89:80,-59,17.394,0.3,-1,-1,8,7,-1
RTT,0,104067,b8:37:b2:6b:11:00,-60,27.246,0.105,-1,-1,8,7,-1
RTT,0,104067,b8:37:b2:6b:5d:80,-55,16.617,0.105,-1,-1,8,7,-1
RTT,0,104067,b8:37:b2:69:56:b0,-65,30.308,0.15,-1,-1,8,7,-1
RTT,0,104067,b8:37:b2:6a:fa:20,-66,37.347,0.15,-1,-1,8,7,-1
LE,0,104067,51.5706029,13.0033942,1.5,4.35
RTT,0,104830,b8:37:b2:6c:e7:a0,-57,7.671,0.24,-1,-1,8,7,-1
RTT,0,104830,b8:37:b2:69:89:80,-59,17.46,0.195,-1,-1,8,7,-1
RTT,0,104830,b8:37:b2:6b:11:00,-60,27.304,0.165,-1,-1,8,7,-1
RTT,0,104830,b8:37:b2:6b:5d:80,-55,16.667,0.15,-1,-1,8,7,-1
RTT,0,104830,b8:37:b2:69:56:b0,-65,30.082,0.18,-1,-1,8,7,-1
RTT,0,104830,b8:37:b2:6a:fa:20,-67,37.359,0.315,-1,-1,8,7,-1
LE,0,104830,51.5706028,13.003394,1.5,4.38
RTT,0,105593,b8:37:b2:6c:e7:a0,-57,7.769,0.21,-1,-1,8,7,-1
RTT,0,105593,b8:37:b2:69:89:80,-59,17.425,0.12,-1,-1,8,7,-1
RTT,0,105593,b8:37:b2:6b:11:00,-60,27.324,0.09,-1,-1,8,7,-1
RTT,0,105593,b8:37:b2:6b:5d:80,-55,16.699,0.18,-1,-1,8,7,-1
RTT,0,105593,b8:37:b2:69:56:b0,-65,30.292,0.15,-1,-1,8,7,-1
RTT,0,105593,b8:37:b2:6a:fa:20,-67,37.375,0.255,-1,-1,8,7,-1
LE,0,105593,51.5706029,13.0033937,1.5,4.35
RTT,0,106334,b8:37:b2:6c:e7:a0,-57,7.851,0.21,-1,-1,8,7,-1
RTT,0,106334,b8:37:b2:69:89:80,-59,17.394,0.27,-1,-1,8,7,-1
RTT,0,106334,b8:37:b2:6b:11:00,-60,27.316,0.165,-1,-1,8,7,-1
RTT,0,106334,b8:37:b2:6b:5d:80,-55,16.824,0.12,-1,-1,8,7,-1
RTT,0,106334,b8:37:b2:6a:fa:20,-67,37.414,0.135,-1,-1,8,7,-1
LE,0,106334,51.5706031,13.0033935,1.5,4.31
RTT,0,107096,b8:37:b2:6c:e7:a0,-57,7.593,0.135,-1,-1,8,7,-1
RTT,0,107096,b8:37:b2:69:89:80,-59,16.953,0.27,-1,-1,8,7,-1
RTT,0,107096,b8:37:b2:6b:11:00,-60,27.265,0.105,-1,-1,8,7,-1
RTT,0,107096,b8:37:b2:6b:5d:80,-55,16.761,0.21,-1,-1,8,7,-1
RTT,0,107096,b8:37:b2:69:56:b0,-65,30.207,0.24,-1,-1,8,7,-1
RTT,0,107096,b8:37:b2:6a:fa:20,-67,37.328,0.165,-1,-1,8,7,-1
LE,0,107096,51.5706029,13.0033925,1.5,4.22
RTT,0,107861,b8:37:b2:6c:e7:a0,-57,7.351,0.045,-1,-1,8,7,-1
RTT,0,107861,b8:37:b2:69:89:80,-59,16.503,0.03,-1,-1,8,7,-1
RTT,0,107861,b8:37:b2:6b:11:00,-60,27.328,0.105,-1,-1,8,7,-1
RTT,0,107861,b8:37:b2:6b:5d:80,-55,16.73,0.15,-1,-1,8,7,-1
RTT,0,107861,b8:37:b2:69:56:b0,-65,30.351,0.09,-1,-1,8,7,-1
RTT,0,107861,b8:37:b2:6a:fa:20,-67,37.402,0.18,-1,-1,8,7,-1
LE,0,107861,51.5706026,13.0033907,1.5,4.15
RTT,0,108623,b8:37:b2:6c:e7:a0,-57,7.625,0.225,-1,-1,8,7,-1
RTT,0,108623,b8:37:b2:69:89:80,-59,16.656,0.24,-1,-1,8,7,-1
RTT,0,108623,b8:37:b2:6b:11:00,-60,27.21,0.09,-1,-1,8,7,-1
RTT,0,108623,b8:37:b2:6b:5d:80,-55,16.789,0.255,-1,-1,8,7,-1
RTT,0,108623,b8:37:b2:69:56:b0,-66,30.406,0.225,-1,-1,8,7,-1
RTT,0,108623,b8:37:b2:6a:fa:20,-67,37.269,0.285,-1,-1,8,7,-1
LE,0,108623,51.5706025,13.0033898,1.5,4.11
RTT,0,109385,b8:37:b2:6c:e7:a0,-59,8.0,0.21,-1,-1,8,7,-1
RTT,0,109385,b8:37:b2:69:89:80,-59,16.062,0.405,-1,-1,8,7,-1
RTT,0,109385,b8:37:b2:6b:11:00,-60,27.292,0.15,-1,-1,8,7,-1
RTT,0,109385,b8:37:b2:6b:5d:80,-55,16.691,0.09,-1,-1,8,7,-1
RTT,0,109385,b8:37:b2:69:56:b0,-65,30.382,0.135,-1,-1,8,7,-1
RTT,0,109385,b8:37:b2:6a:fa:20,-66,37.601,0.135,-1,-1,8,7,-1
LE,0,109385,51.5706026,13.0033871,1.5,4.05
RTT,0,110144,b8:37:b2:6c:e7:a0,-57,7.468,0.135,-1,-1,8,7,-1
RTT,0,110144,b8:37:b2:69:89:80,-59,15.964,0.045,-1,-1,8,7,-1
RTT,0,110144,b8:37:b2:6b:5d:80,-55,16.718,0.135,-1,-1,8,7,-1
RTT,0,110144,b8:37:b2:6b:11:00,-60,27.312,0.09,-1,-1,8,7,-1
RTT,0,110144,b8:37:b2:69:56:b0,-65,30.003,0.255,-1,-1,8,7,-1
RTT,0,110144,b8:37:b2:6a:fa:20,-67,37.39,0.165,-1,-1,8,7,-1
LE,0,110144,51.5706021,13.0033853,1.5,4.06
RTT,0,110913,b8:37:b2:6c:e7:a0,-57,7.414,0.18,-1,-1,8,7,-1
RTT,0,110913,b8:37:b2:69:89:80,-59,16.007,0.27,-1,-1,8,7,-1
RTT,0,110913,b8:37:b2:6b:5d:80,-55,16.722,0.105,-1,-1,8,7,-1
RTT,0,110913,b8:37:b2:6b:11:00,-59,28.32,0.135,-1,-1,8,7,-1
RTT,0,110913,b8:37:b2:69:56:b0,-65,30.285,0.18,-1,-1,8,7,-1
RTT,0,110913,b8:37:b2:6a:fa:20,-67,37.285,0.12,-1,-1,8,7,-1
LE,0,110913,51.5706023,13.0033832,1.5,4.22
RTT,0,111671,b8:37:b2:6c:e7:a0,-57,7.652,0.135,-1,-1,8,7,-1
RTT,0,111671,b8:37:b2:69:89:80,-59,16.367,0.375,-1,-1,8,7,-1
RTT,0,111671,b8:37:b2:6b:5d:80,-55,16.769,0.12,-1,-1,8,7,-1
RTT,0,111671,b8:37:b2:6b:11:00,-60,27.289,0.09,-1,-1,8,7,-1
RTT,0,111671,b8:37:b2:69:56:b0,-65,30.082,0.06,-1,-1,8,7,-1
RTT,0,111671,b8:37:b2:6a:fa:20,-67,37.347,0.255,-1,-1,8,7,-1
LE,0,111671,51.5706021,13.0033833,1.5,4.11
RTT,0,112421,b8:37:b2:6c:e7:a0,-57,7.472,0.285,-1,-1,8,7,-1
RTT,0,112421,b8:37:b2:69:89:80,-59,15.64,0.27,-1,-1,8,7,-1
RTT,0,112421,b8:37:b2:6b:5d:80,-55,16.562,0.09,-1,-1,8,7,-1
RTT,0,112421,b8:37:b2:6b:11:00,-60,27.335,0.195,-1,-1,8,7,-1
RTT,0,112421,b8:37:b2:69:56:b0,-65,30.339,0.195,-1,-1,8,7,-1
RTT,0,112421,b8:37:b2:6a:fa:20,-67,37.25,0.03,-1,-1,8,7,-1
LE,0,112421,51.5706017,13.0033816,1.5,3.98
RTT,0,113183,b8:37:b2:6c:e7:a0,-57,7.457,0.24,-1,-1,8,7,-1
RTT,0,113183,b8:37:b2:69:89:80,-59,15.976,0.165,-1,-1,8,7,-1
RTT,0,113183,b8:37:b2:6b:5d:80,-55,16.742,0.165,-1,-1,8,7,-1
RTT,0,113183,b8:37:b2:6b:11:00,-60,27.218,0.075,-1,-1,8,7,-1
RTT,0,113183,b8:37:b2:69:56:b0,-65,30.339,0.24,-1,-1,8,7,-1
RTT,0,113183,b8:37:b2:6a:fa:20,-67,37.503,0.24,-1,-1,8,7,-1
LE,0,113183,51.5706016,13.0033813,1.5,4.02
RTT,0,113936,b8:37:b2:6c:e7:a0,-57,7.609,0.225,-1,-1,8,7,-1
RTT,0,113936,b8:37:b2:69:89:80,-59,16.32,0.21,-1,-1,8,7,-1
RTT,0,113936,b8:37:b2:6b:5d:80,-55,16.656,0.165,-1,-1,8,7,-1
RTT,0,113936,b8:37:b2:6b:11:00,-60,27.367,0.165,-1,-1,8,7,-1
RTT,0,113936,b8:37:b2:69:56:b0,-65,30.265,0.18,-1,-1,8,7,-1
RTT,0,113936,b8:37:b2:6a:fa:20,-67,37.269,0.18,-1,-1,8,7,-1
LE,0,113936,51.5706016,13.0033816,1.5,4.11
RTT,0,114699,b8:37:b2:6c:e7:a0,-57,7.695,0.195,-1,-1,8,7,-1
RTT,0,114699,b8:37:b2:69:89:80,-59,15.964,0.21,-1,-1,8,7,-1
RTT,0,114699,b8:37:b2:6b:5d:80,-55,16.792,0.18,-1,-1,8,7,-1
RTT,0,114699,b8:37:b2:6b:11:00,-60,27.273,0.06,-1,-1,8,7,-1
RTT,0,114699,b8:37:b2:69:56:b0,-65,30.39,0.225,-1,-1,8,7,-1
RTT,0,114699,b8:37:b2:6a:fa:20,-67,37.507,0.255,-1,-1,8,7,-1
LE,0,114699,51.5706017,13.0033811,1.5,3.99
RTT,0,115452,b8:37:b2:6c:e7:a0,-58,7.656,0.255,-1,-1,8,7,-1
RTT,0,115452,b8:37:b2:69:89:80,-59,16.113,0.24,-1,-1,8,7,-1
RTT,0,115452,b8:37:b2:6b:5d:80,-55,16.726,0.165,-1,-1,8,7,-1
RTT,0,115452,b8:37:b2:6b:11:00,-60,27.246,0.12,-1,-1,8,7,-1
RTT,0,115452,b8:37:b2:69:56:b0,-65,30.21,0.12,-1,-1,8,7,-1
RTT,0,115452,b8:37:b2:6a:fa:20,-67,37.449,0.045,-1,-1,8,7,-1
LE,0,115452,51.5706017,13.0033811,1.5,4.05
RTT,0,116217,b8:37:b2:6c:e7:a0,-57,7.562,0.18,-1,-1,8,7,-1
RTT,0,116217,b8:37:b2:69:89:80,-59,16.23,0.24,-1,-1,8,7,-1
RTT,0,116217,b8:37:b2:6b:5d:80,-55,16.785,0.165,-1,-1,8,7,-1
RTT,0,116217,b8:37:b2:6b:11:00,-60,27.242,0.135,-1,-1,8,7,-1
RTT,0,116217,b8:37:b2:69:56:b0,-65,30.402,0.15,-1,-1,8,7,-1
RTT,0,116217,b8:37:b2:6a:fa:20,-66,37.335,0.285,-1,-1,8,7,-1
LE,0,116217,51.5706017,13.0033816,1.5,4.04
RTT,0,116987,b8:37:b2:6c:e7:a0,-57,7.554,0.195,-1,-1,8,7,-1
RTT,0,116987,b8:37:b2:69:89:80,-59,16.425,0.27,-1,-1,8,7,-1
RTT,0,116987,b8:37:b2:6b:5d:80,-55,16.687,0.15,-1,-1,8,7,-1
RTT,0,116987,b8:37:b2:6b:11:00,-60,27.375,0.195,-1,-1,8,7,-1
RTT,0,116987,b8:37:b2:69:56:b0,-65,30.175,0.24,-1,-1,8,7,-1
RTT,0,116987,b8:37:b2:6a:fa:20,-66,37.187,0.12,-1,-1,8,7,-1
LE,0,116987,51.5706016,13.0033822,1.5,4.13
RTT,0,117755,b8:37:b2:6c:e7:a0,-57,7.582,0.195,-1,-1,8,7,-1
RTT,0,117755,b8:37:b2:69:89:80,-59,16.531,0.285,-1,-1,8,7,-1
RTT,0,117755,b8:37:b2:6b:5d:80,-55,16.847,0.12,-1,-1,8,7,-1
RTT,0,117755,b8:37:b2:6b:11:00,-60,27.16,0.075,-1,-1,8,7,-1
RTT,0,117755,b8:37:b2:69:56:b0,-65,30.285,0.105,-1,-1,8,7,-1
RTT,0,117755,b8:37:b2:6a:fa:20,-66,37.484,0.075,-1,-1,8,7,-1
LE,0,117755,51.5706017,13.0033831,1.5,4.10
RTT,0,118552,b8:37:b2:6c:e7:a0,-57,7.601,0.18,-1,-1,8,7,-1
RTT,0,118552,b8:37:b2:69:89:80,-59,16.667,0.27,-1,-1,8,7,-1
RTT,0,118552,b8:37:b2:6b:5d:80,-55,16.632,0.225,-1,-1,8,7,-1
RTT,0,118552,b8:37:b2:6b:11:00,-60,27.292,0.09,-1,-1,8,7,-1
RTT,0,118552,b8:37:b2:69:56:b0,-65,30.335,0.27,-1,-1,8,7,-1
RTT,0,118552,b8:37:b2:6a:fa:20,-67,37.265,0.24,-1,-1,8,7,-1
LE,0,118552,51.5706017,13.0033839,1.5,4.17
RTT,0,119309,b8:37:b2:6c:e7:a0,-57,7.71,0.105,-1,-1,8,7,-1
RTT,0,119309,b8:37:b2:69:89:80,-59,16.453,0.27,-1,-1,8,7,-1
RTT,0,119309,b8:37:b2:6b:5d:80,-55,16.683,0.15,-1,-1,8,7,-1
RTT,0,119309,b8:37:b2:6b:11:00,-60,27.246,0.045,-1,-1,8,7,-1
RTT,0,119309,b8:37:b2:6a:fa:20,-67,37.46,0.15,-1,-1,8,7,-1
LE,0,119309,51.5706018,13.0033839,1.5,4.13
RTT,0,120060,b8:37:b2:6c:e7:a0,-57,7.589,0.15,-1,-1,8,7,-1
RTT,0,120060,b8:37:b2:69:89:80,-59,16.488,0.315,-1,-1,8,7,-1
RTT,0,120060,b8:37:b2:6b:5d:80,-55,16.855,0.045,-1,-1,8,7,-1
RTT,0,120060,b8:37:b2:6b:11:00,-60,27.16,0.105,-1,-1,8,7,-1
RTT,0,120060,b8:37:b2:69:56:b0,-65,30.332,0.225,-1,-1,8,7,-1
RTT,0,120060,b8:37:b2:6a:fa:20,-67,37.371,0.18,-1,-1,8,7,-1
LE,0,120060,51.5706019,13.0033844,1.5,4.07
RTT,0,120831,b8:37:b2:6c:e7:a0,-57,7.507,0.255,-1,-1,8,7,-1
RTT,0,120831,b8:37:b2:69:89:80,-59,16.492,0.405,-1,-1,8,7,-1
RTT,0,120831,b8:37:b2:6b:5d:80,-55,16.578,0.135,-1,-1,8,7,-1
RTT,0,120831,b8:37:b2:6b:11:00,-60,27.25,0.165,-1,-1,8,7,-1
RTT,0,120831,b8:37:b2:69:56:b0,-65,30.226,0.15,-1,-1,8,7,-1
RTT,0,120831,b8:37:b2:6a:fa:20,-67,37.351,0.225,-1,-1,8,7,-1
LE,0,120831,51.5706017,13.0033844,1.5,4.17
RTT,0,121658,b8:37:b2:6c:e7:a0,-57,7.488,0.03,-1,-1,8,7,-1
RTT,0,121658,b8:37:b2:69:89:80,-59,16.371,0.33,-1,-1,8,7,-1
RTT,0,121658,b8:37:b2:6b:5d:80,-55,16.812,0.105,-1,-1,8,7,-1
RTT,0,121658,b8:37:b2:6b:11:00,-60,27.25,0.075,-1,-1,8,7,-1
RTT,0,121658,b8:37:b2:69:56:b0,-65,30.218,0.165,-1,-1,8,7,-1
RTT,0,121658,b8:37:b2:6a:fa:20,-67,37.203,0.195,-1,-1,8,7,-1
LE,0,121658,51.5706016,13.0033845,1.5,4.07
RTT,0,122417,b8:37:b2:6c:e7:a0,-57,7.589,0.195,-1,-1,8,7,-1
RTT,0,122417,b8:37:b2:69:89:80,-59,16.503,0.36,-1,-1,8,7,-1
RTT,0,122417,b8:37:b2:6b:5d:80,-55,16.562,0.06,-1,-1,8,7,-1
RTT,0,122417,b8:37:b2:6b:11:00,-60,27.269,0.12,-1,-1,8,7,-1
RTT,0,122417,b8:37:b2:69:56:b0,-65,30.292,0.24,-1,-1,8,7,-1
RTT,0,122417,b8:37:b2:6a:fa:20,-67,37.292,0.3,-1,-1,8,7,-1
LE,0,122417,51.5706015,13.0033845,1.5,4.16
RTT,0,123181,b8:37:b2:6c:e7:a0,-57,7.546,0.21,-1,-1,8,7,-1
RTT,0,123181,b8:37:b2:69:89:80,-59,16.535,0.195,-1,-1,8,7,-1
RTT,0,123181,b8:37:b2:6b:5d:80,-55,16.804,0.12,-1,-1,8,7,-1
RTT,0,123181,b8:37:b2:6b:11:00,-60,27.335,0.105,-1,-1,8,7,-1
RTT,0,123181,b8:37:b2:69:56:b0,-65,30.179,0.36,-1,-1,8,7,-1
RTT,0,123181,b8:37:b2:6a:fa:20,-67,37.304,0.18,-1,-1,8,7,-1
LE,0,123181,51.5706016,13.0033847,1.5,4.14
RTT,0,123952,b8:37:b2:6c:e7:a0,-57,7.578,0.21,-1,-1,8,7,-1
RTT,0,123952,b8:37:b2:69:89:80,-59,16.3,0.255,-1,-1,8,7,-1
RTT,0,123952,b8:37:b2:6b:5d:80,-55,16.671,0.105,-1,-1,8,7,-1
RTT,0,123952,b8:37:b2:6b:11:00,-60,27.253,0.06,-1,-1,8,7,-1
RTT,0,123952,b8:37:b2:69:56:b0,-65,30.304,0.27,-1,-1,8,7,-1
RTT,0,123952,b8:37:b2:6a:fa:20,-67,37.433,0.255,-1,-1,8,7,-1
LE,0,123952,51.5706016,13.0033842,1.5,4.10
RTT,0,124744,b8:37:b2:6c:e7:a0,-57,7.55,0.21,-1,-1,8,7,-1
RTT,0,124744,b8:37:b2:69:89:80,-59,16.613,0.225,-1,-1,8,7,-1
RTT,0,124744,b8:37:b2:6b:5d:80,-55,16.742,0.12,-1,-1,8,7,-1
RTT,0,124744,b8:37:b2:6b:11:00,-60,27.242,0.12,-1,-1,8,7,-1
RTT,0,124744,b8:37:b2:69:56:b0,-65,30.382,0.225,-1,-1,8,7,-1
RTT,0,124744,b8:37:b2:6a:fa:20,-67,37.386,0.21,-1,-1,8,7,-1
LE,0,124744,51.5706017,13.0033847,1.5,4.14
RTT,0,125512,b8:37:b2:6c:e7:a0,-57,7.468,0.285,-1,-1,8,7,-1
RTT,0,125512,b8:37:b2:69:89:80,-59,16.199,0.21,-1,-1,8,7,-1
RTT,0,125512,b8:37:b2:6b:5d:80,-55,16.738,0.18,-1,-1,8,7,-1
RTT,0,125512,b8:37:b2:6b:11:00,-60,27.304,0.105,-1,-1,8,7,-1
RTT,0,125512,b8:37:b2:69:56:b0,-65,30.335,0.135,-1,-1,8,7,-1
RTT,0,125512,b8:37:b2:6a:fa:20,-66,37.351,0.195,-1,-1,8,7,-1
LE,0,125512,51.5706016,13.0033841,1.5,4.06
RTT,0,126267,b8:37:b2:6c:e7:a0,-57,7.71,0.21,-1,-1,8,7,-1
RTT,0,126267,b8:37:b2:69:89:80,-59,16.312,0.195,-1,-1,8,7,-1
RTT,0,126267,b8:37:b2:6b:5d:80,-55,16.835,0.12,-1,-1,8,7,-1
RTT,0,126267,b8:37:b2:6b:11:00,-60,27.316,0.135,-1,-1,8,7,-1
RTT,0,126267,b8:37:b2:69:56:b0,-65,30.367,0.255,-1,-1,8,7,-1
RTT,0,126267,b8:37:b2:6a:fa:20,-67,37.285,0.195,-1,-1,8,7,-1
LE,0,126267,51.5706018,13.0033839,1.5,4.05
RTT,0,127035,b8:37:b2:6c:e7:a0,-57,7.605,0.255,-1,-1,8,7,-1
RTT,0,127035,b8:37:b2:69:89:80,-59,16.488,0.33,-1,-1,8,7,-1
RTT,0,127035,b8:37:b2:6b:5d:80,-55,16.746,0.06,-1,-1,8,7,-1
RTT,0,127035,b8:37:b2:6b:11:00,-60,27.339,0.21,-1,-1,8,7,-1
RTT,0,127035,b8:37:b2:69:56:b0,-65,30.308,0.09,-1,-1,8,7,-1
RTT,0,127035,b8:37:b2:6a:fa:20,-67,37.32,0.225,-1,-1,8,7,-1
LE,0,127035,51.5706018,13.0033841,1.5,4.12
RTT,0,127812,b8:37:b2:6c:e7:a0,-57,7.488,0.21,-1,-1,8,7,-1
RTT,0,127812,b8:37:b2:69:89:80,-59,16.386,0.12,-1,-1,8,7,-1
RTT,0,127812,b8:37:b2:6b:5d:80,-55,16.89,0.18,-1,-1,8,7,-1
RTT,0,127812,b8:37:b2:6b:11:00,-60,27.308,0.135,-1,-1,8,7,-1
RTT,0,127812,b8:37:b2:69:56:b0,-65,30.363,0.165,-1,-1,8,7,-1
RTT,0,127812,b8:37:b2:6a:fa:20,-67,37.542,0.255,-1,-1,8,7,-1
LE,0,127812,51.5706019,13.0033841,1.5,4.09
RTT,0,128579,b8:37:b2:6c:e7:a0,-57,7.464,0.135,-1,-1,8,7,-1
RTT,0,128579,b8:37:b2:69:89:80,-59,16.57,0.165,-1,-1,8,7,-1
RTT,0,128579,b8:37:b2:6b:5d:80,-55,16.703,0.075,-1,-1,8,7,-1
RTT,0,128579,b8:37:b2:6b:11:00,-60,27.363,0.135,-1,-1,8,7,-1
RTT,0,128579,b8:37:b2:69:56:b0,-65,30.39,0.315,-1,-1,8,7,-1
RTT,0,128579,b8:37:b2:6a:fa:20,-67,37.308,0.195,-1,-1,8,7,-1
LE,0,128579,51.5706019,13.0033845,1.5,4.15
RTT,0,129337,b8:37:b2:6c:e7:a0,-57,7.609,0.18,-1,-1,8,7,-1
RTT,0,129337,b8:37:b2:69:89:80,-59,16.417,0.21,-1,-1,8,7,-1
RTT,0,129337,b8:37:b2:6b:5d:80,-55,16.746,0.18,-1,-1,8,7,-1
RTT,0,129337,b8:37:b2:6b:11:00,-60,27.261,0.105,-1,-1,8,7,-1
RTT,0,129337,b8:37:b2:69:56:b0,-66,30.531,0.225,-1,-1,8,7,-1
RTT,0,129337,b8:37:b2:6a:fa:20,-67,37.371,0.225,-1,-1,8,7,-1
LE,0,129337,51.570602,13.0033845,1.5,4.08
RTT,0,130101,b8:37:b2:6c:e7:a0,-57,7.687,0.195,-1,-1,8,7,-1
RTT,0,130101,b8:37:b2:69:89:80,-59,16.136,0.345,-1,-1,8,7,-1
RTT,0,130101,b8:37:b2:6b:5d:80,-55,16.667,0.18,-1,-1,8,7,-1
RTT,0,130101,b8:37:b2:6b:11:00,-60,27.335,0.12,-1,-1,8,7,-1
RTT,0,130101,b8:37:b2:69:56:b0,-65,30.062,0.165,-1,-1,8,7,-1
RTT,0,130101,b8:37:b2:6a:fa:20,-67,37.105,0.03,-1,-1,8,7,-1
LE,0,130101,51.5706017,13.0033837,1.5,4.06
RTT,0,130845,b8:37:b2:6c:e7:a0,-57,7.734,0.165,-1,-1,8,7,-1
RTT,0,130845,b8:37:b2:69:89:80,-59,16.5,0.33,-1,-1,8,7,-1
RTT,0,130845,b8:37:b2:6b:5d:80,-55,16.695,0.18,-1,-1,8,7,-1
RTT,0,130845,b8:37:b2:6b:11:00,-60,27.339,0.12,-1,-1,8,7,-1
RTT,0,130845,b8:37:b2:69:56:b0,-65,30.085,0.18,-1,-1,8,7,-1
RTT,0,130845,b8:37:b2:6a:fa:20,-67,37.398,0.21,-1,-1,8,7,-1
LE,0,130845,51.5706017,13.0033838,1.5,4.17
RTT,0,131593,b8:37:b2:6c:e7:a0,-57,7.632,0.21,-1,-1,8,7,-1
RTT,0,131593,b8:37:b2:69:89:80,-59,16.257,0.36,-1,-1,8,7,-1
RTT,0,131593,b8:37:b2:6b:5d:80,-55,16.746,0.165,-1,-1,8,7,-1
RTT,0,131593,b8:37:b2:6b:11:00,-60,27.25,0.165,-1,-1,8,7,-1
RTT,0,131593,b8:37:b2:69:56:b0,-65,30.253,0.255,-1,-1,8,7,-1
RTT,0,131593,b8:37:b2:6a:fa:20,-67,37.171,0.15,-1,-1,8,7,-1
LE,0,131593,51.5706016,13.0033836,1.5,4.05
RTT,0,132338,b8:37:b2:6c:e7:a0,-57,7.667,0.18,-1,-1,8,7,-1
RTT,0,132338,b8:37:b2:69:89:80,-59,16.152,0.12,-1,-1,8,7,-1
RTT,0,132338,b8:37:b2:6b:5d:80,-55,16.707,0.21,-1,-1,8,7,-1
RTT,0,132338,b8:37:b2:6b:11:00,-60,27.304,0.105,-1,-1,8,7,-1
RTT,0,132338,b8:37:b2:69:56:b0,-65,30.191,0.12,-1,-1,8,7,-1
RTT,0,132338,b8:37:b2:6a:fa:20,-67,37.246,0.09,-1,-1,8,7,-1
LE,0,132338,51.5706015,13.0033831,1.5,4.06
RTT,0,133092,b8:37:b2:6c:e7:a0,-57,7.765,0.18,-1,-1,8,7,-1
RTT,0,133092,b8:37:b2:69:89:80,-59,16.238,0.225,-1,-1,8,7,-1
RTT,0,133092,b8:37:b2:6b:5d:80,-55,16.777,0.03,-1,-1,8,7,-1
RTT,0,133092,b8:37:b2:6b:11:00,-60,27.281,0.105,-1,-1,8,7,-1
RTT,0,133092,b8:37:b2:69:56:b0,-65,30.14,0.165,-1,-1,8,7,-1
RTT,0,133092,b8:37:b2:6a:fa:20,-67,37.417,0.225,-1,-1,8,7,-1
LE,0,133092,51.5706016,13.0033828,1.5,4.07
RTT,0,133855,b8:37:b2:6c:e7:a0,-59,8.046,0.105,-1,-1,8,7,-1
RTT,0,133855,b8:37:b2:69:89:80,-59,16.769,0.105,-1,-1,8,7,-1
RTT,0,133855,b8:37:b2:6b:5d:80,-55,16.718,0.135,-1,-1,8,7,-1
RTT,0,133855,b8:37:b2:6b:11:00,-60,27.285,0.15,-1,-1,8,7,-1
RTT,0,133855,b8:37:b2:6a:fa:20,-67,37.417,0.27,-1,-1,8,7,-1
LE,0,133855,51.5706019,13.0033836,1.5,4.20
RTT,0,134607,b8:37:b2:6c:e7:a0,-57,7.679,0.285,-1,-1,8,7,-1
RTT,0,134607,b8:37:b2:69:89:80,-59,16.601,0.27,-1,-1,8,7,-1
RTT,0,134607,b8:37:b2:6b:5d:80,-55,16.628,0.165,-1,-1,8,7,-1
RTT,0,134607,b8:37:b2:69:56:b0,-65,30.195,0.195,-1,-1,8,7,-1
RTT,0,134607,b8:37:b2:6a:fa:20,-67,37.316,0.18,-1,-1,8,7,-1
LE,0,134607,51.5706018,13.003384,1.5,4.18
RTT,0,135371,b8:37:b2:6c:e7:a0,-57,7.589,0.24,-1,-1,8,7,-1
RTT,0,135371,b8:37:b2:69:89:80,-59,16.167,0.225,-1,-1,8,7,-1
RTT,0,135371,b8:37:b2:6b:5d:80,-55,16.757,0.03,-1,-1,8,7,-1
RTT,0,135371,b8:37:b2:6b:11:00,-60,27.382,0.075,-1,-1,8,7,-1
RTT,0,135371,b8:37:b2:69:56:b0,-65,30.32,0.135,-1,-1,8,7,-1
RTT,0,135371,b8:37:b2:6a:fa:20,-67,37.273,0.21,-1,-1,8,7,-1
LE,0,135371,51.5706018,13.0033834,1.5,4.05
RTT,0,136133,b8:37:b2:6c:e7:a0,-57,7.546,0.195,-1,-1,8,7,-1
RTT,0,136133,b8:37:b2:69:89:80,-59,14.886,0.09,-1,-1,8,7,-1
RTT,0,136133,b8:37:b2:6b:5d:80,-55,16.757,0.03,-1,-1,8,7,-1
RTT,0,136133,b8:37:b2:6b:11:00,-60,27.3,0.12,-1,-1,8,7,-1
RTT,0,136133,b8:37:b2:69:56:b0,-65,30.121,0.12,-1,-1,8,7,-1
RTT,0,136133,b8:37:b2:6a:fa:20,-67,37.175,0.255,-1,-1,8,7,-1
LE,0,136133,51.5706012,13.0033802,1.5,3.77
RTT,0,136890,b8:37:b2:6c:e7:a0,-57,7.566,0.24,-1,-1,8,7,-1
RTT,0,136890,b8:37:b2:69:89:80,-59,16.593,0.165,-1,-1,8,7,-1
RTT,0,136890,b8:37:b2:6b:5d:80,-55,16.542,0.15,-1,-1,8,7,-1
RTT,0,136890,b8:37:b2:6b:11:00,-60,27.246,0.135,-1,-1,8,7,-1
RTT,0,136890,b8:37:b2:69:56:b0,-65,30.261,0.27,-1,-1,8,7,-1
RTT,0,136890,b8:37:b2:6a:fa:20,-67,37.289,0.27,-1,-1,8,7,-1
LE,0,136890,51.5706012,13.0033815,1.5,4.18
RTT,0,137646,b8:37:b2:6c:e7:a0,-57,7.535,0.24,-1,-1,8,7,-1
RTT,0,137646,b8:37:b2:69:89:80,-59,16.281,0.345,-1,-1,8,7,-1
RTT,0,137646,b8:37:b2:6b:5d:80,-55,16.742,0.135,-1,-1,8,7,-1
RTT,0,137646,b8:37:b2:6b:11:00,-60,27.105,0.03,-1,-1,8,7,-1
RTT,0,137646,b8:37:b2:69:56:b0,-65,30.14,0.135,-1,-1,8,7,-1
RTT,0,137646,b8:37:b2:6a:fa:20,-67,37.402,0.285,-1,-1,8,7,-1
LE,0,137646,51.5706012,13.003382,1.5,4.07
RTT,0,138400,b8:37:b2:6c:e7:a0,-57,7.539,0.21,-1,-1,8,7,-1
RTT,0,138400,b8:37:b2:69:89:80,-59,16.351,0.255,-1,-1,8,7,-1
RTT,0,138400,b8:37:b2:6b:5d:80,-55,16.851,0.075,-1,-1,8,7,-1
RTT,0,138400,b8:37:b2:6b:11:00,-60,27.273,0.135,-1,-1,8,7,-1
RTT,0,138400,b8:37:b2:69:56:b0,-65,30.226,0.195,-1,-1,8,7,-1
RTT,0,138400,b8:37:b2:6a:fa:20,-67,37.156,0.24,-1,-1,8,7,-1
LE,0,138400,51.5706012,13.0033827,1.5,4.05
RTT,0,139160,b8:37:b2:6c:e7:a0,-57,7.585,0.195,-1,-1,8,7,-1
RTT,0,139160,b8:37:b2:69:89:80,-59,16.5,0.375,-1,-1,8,7,-1
RTT,0,139160,b8:37:b2:6b:5d:80,-55,16.652,0.135,-1,-1,8,7,-1
RTT,0,139160,b8:37:b2:6b:11:00,-60,27.238,0.135,-1,-1,8,7,-1
RTT,0,139160,b8:37:b2:69:56:b0,-65,30.375,0.24,-1,-1,8,7,-1
RTT,0,139160,b8:37:b2:6a:fa:20,-67,37.417,0.195,-1,-1,8,7,-1
LE,0,139160,51.5706014,13.0033832,1.5,4.14
RTT,0,139931,b8:37:b2:6c:e7:a0,-57,7.476,0.165,-1,-1,8,7,-1
RTT,0,139931,b8:37:b2:69:89:80,-59,16.437,0.27,-1,-1,8,7,-1
RTT,0,139931,b8:37:b2:6b:5d:80,-55,16.691,0.18,-1,-1,8,7,-1
RTT,0,139931,b8:37:b2:6b:11:00,-60,27.242,0.18,-1,-1,8,7,-1
RTT,0,139931,b8:37:b2:69:56:b0,-65,30.144,0.135,-1,-1,8,7,-1
RTT,0,139931,b8:37:b2:6a:fa:20,-67,37.207,0.24,-1,-1,8,7,-1
LE,0,139931,51.5706013,13.0033836,1.5,4.12
RTT,0,140677,b8:37:b2:6c:e7:a0,-57,7.617,0.315,-1,-1,8,7,-1
RTT,0,140677,b8:37:b2:69:89:80,-59,16.535,0.24,-1,-1,8,7,-1
RTT,0,140677,b8:37:b2:6b:5d:80,-55,16.656,0.105,-1,-1,8,7,-1
RTT,0,140677,b8:37:b2:6b:11:00,-60,27.214,0.105,-1,-1,8,7,-1
RTT,0,140677,b8:37:b2:69:56:b0,-65,30.238,0.165,-1,-1,8,7,-1
RTT,0,140677,b8:37:b2:6a:fa:20,-67,37.16,0.075,-1,-1,8,7,-1
LE,0,140677,51.5706013,13.0033841,1.5,4.12
RTT,0,141455,b8:37:b2:6c:e7:a0,-57,7.742,0.18,-1,-1,8,7,-1
RTT,0,141455,b8:37:b2:69:89:80,-59,16.667,0.195,-1,-1,8,7,-1
RTT,0,141455,b8:37:b2:6b:5d:80,-55,16.722,0.135,-1,-1,8,7,-1
RTT,0,141455,b8:37:b2:6b:11:00,-60,27.234,0.09,-1,-1,8,7,-1
RTT,0,141455,b8:37:b2:69:56:b0,-65,30.421,0.255,-1,-1,8,7,-1
RTT,0,141455,b8:37:b2:6a:fa:20,-67,37.183,0.165,-1,-1,8,7,-1
LE,0,141455,51.5706015,13.0033848,1.5,4.12
RTT,0,142219,b8:37:b2:6c:e7:a0,-57,7.824,0.045,-1,-1,8,7,-1
RTT,0,142219,b8:37:b2:69:89:80,-59,16.511,0.18,-1,-1,8,7,-1
RTT,0,142219,b8:37:b2:6b:5d:80,-55,16.679,0.21,-1,-1,8,7,-1
RTT,0,142219,b8:37:b2:6b:11:00,-60,27.222,0.075,-1,-1,8,7,-1
RTT,0,142219,b8:37:b2:6a:fa:20,-66,37.222,0.24,-1,-1,8,7,-1
LE,0,142219,51.5706017,13.0033848,1.5,4.10
RTT,0,142986,b8:37:b2:6c:e7:a0,-57,7.625,0.24,-1,-1,8,7,-1
RTT,0,142986,b8:37:b2:69:89:80,-59,16.359,0.165,-1,-1,8,7,-1
RTT,0,142986,b8:37:b2:6b:5d:80,-55,16.558,0.12,-1,-1,8,7,-1
RTT,0,142986,b8:37:b2:6b:11:00,-60,27.246,0.075,-1,-1,8,7,-1
RTT,0,142986,b8:37:b2:69:56:b0,-65,30.3,0.21,-1,-1,8,7,-1
RTT,0,142986,b8:37:b2:6a:fa:20,-67,37.304,0.195,-1,-1,8,7,-1
LE,0,142986,51.5706016,13.0033844,1.5,4.12
RTT,0,143734,b8:37:b2:6c:e7:a0,-57,7.687,0.195,-1,-1,8,7,-1
RTT,0,143734,b8:37:b2:69:89:80,-59,16.906,0.345,-1,-1,8,7,-1
RTT,0,143734,b8:37:b2:6b:5d:80,-55,16.714,0.18,-1,-1,8,7,-1
RTT,0,143734,b8:37:b2:6b:11:00,-60,27.292,0.15,-1,-1,8,7,-1
RTT,0,143734,b8:37:b2:69:56:b0,-65,30.335,0.285,-1,-1,8,7,-1
RTT,0,143734,b8:37:b2:6a:fa:20,-67,37.269,0.3,-1,-1,8,7,-1
LE,0,143734,51.5706018,13.0033855,1.5,4.21
RTT,0,144503,b8:37:b2:6c:e7:a0,-57,7.726,0.18,-1,-1,8,7,-1
RTT,0,144503,b8:37:b2:69:89:80,-59,16.96,0.375,-1,-1,8,7,-1
RTT,0,144503,b8:37:b2:6b:5d:80,-54,16.875,0.15,-1,-1,8,7,-1
RTT,0,144503,b8:37:b2:6b:11:00,-60,27.296,0.195,-1,-1,8,7,-1
RTT,0,144503,b8:37:b2:69:56:b0,-65,30.617,0.075,-1,-1,8,7,-1
RTT,0,144503,b8:37:b2:6a:fa:20,-67,37.281,0.24,-1,-1,8,7,-1
LE,0,144503,51.5706022,13.0033866,1.5,4.15
RTT,0,145266,b8:37:b2:6c:e7:a0,-57,7.582,0.195,-1,-1,8,7,-1
RTT,0,145266,b8:37:b2:69:89:80,-59,17.113,0.27,-1,-1,8,7,-1
RTT,0,145266,b8:37:b2:6b:5d:80,-55,16.781,0.225,-1,-1,8,7,-1
RTT,0,145266,b8:37:b2:6b:11:00,-60,27.285,0.135,-1,-1,8,7,-1
RTT,0,145266,b8:37:b2:69:56:b0,-65,30.066,0.165,-1,-1,8,7,-1
RTT,0,145266,b8:37:b2:6a:fa:20,-67,37.367,0.255,-1,-1,8,7,-1
LE,0,145266,51.5706022,13.0033876,1.5,4.28
RTT,0,146030,b8:37:b2:6c:e7:a0,-57,7.617,0.24,-1,-1,8,7,-1
RTT,0,146030,b8:37:b2:69:89:80,-59,17.957,0.165,-1,-1,8,7,-1
RTT,0,146030,b8:37:b2:6b:5d:80,-55,16.769,0.15,-1,-1,8,7,-1
RTT,0,146030,b8:37:b2:6b:11:00,-60,27.277,0.12,-1,-1,8,7,-1
RTT,0,146030,b8:37:b2:69:56:b0,-65,30.003,0.15,-1,-1,8,7,-1
RTT,0,146030,b8:37:b2:6a:fa:20,-67,37.253,0.195,-1,-1,8,7,-1
LE,0,146030,51.5706023,13.0033904,1.5,4.47
RTT,0,146872,b8:37:b2:6c:e7:a0,-57,7.691,0.195,-1,-1,8,7,-1
RTT,0,146872,b8:37:b2:69:89:80,-59,17.789,0.36,-1,-1,8,7,-1
RTT,0,146872,b8:37:b2:6b:11:00,-60,27.406,0.03,-1,-1,8,7,-1
RTT,0,146872,b8:37:b2:6b:5d:80,-55,16.632,0.195,-1,-1,8,7,-1
RTT,0,146872,b8:37:b2:69:56:b0,-65,30.429,0.105,-1,-1,8,7,-1
RTT,0,146872,b8:37:b2:6a:fa:20,-67,37.25,0.105,-1,-1,8,7,-1
LE,0,146872,51.5706026,13.0033919,1.5,4.43
RTT,0,147642,b8:37:b2:6c:e7:a0,-58,7.507,0.36,-1,-1,8,7,-1
RTT,0,147642,b8:37:b2:69:89:80,-59,17.167,0.255,-1,-1,8,7,-1
RTT,0,147642,b8:37:b2:6b:11:00,-60,27.261,0.12,-1,-1,8,7,-1
RTT,0,147642,b8:37:b2:6b:5d:80,-55,16.699,0.15,-1,-1,8,7,-1
RTT,0,147642,b8:37:b2:69:56:b0,-65,30.304,0.12,-1,-1,8,7,-1
RTT,0,147642,b8:37:b2:6a:fa:20,-67,37.203,0.24,-1,-1,8,7,-1
LE,0,147642,51.5706024,13.0033918,1.5,4.27
RTT,0,148410,b8:37:b2:6c:e7:a0,-58,8.257,0.18,-1,-1,8,7,-1
RTT,0,148410,b8:37:b2:69:89:80,-59,17.343,0.375,-1,-1,8,7,-1
RTT,0,148410,b8:37:b2:6b:11:00,-60,27.265,0.15,-1,-1,8,7,-1
RTT,0,148410,b8:37:b2:6b:5d:80,-55,16.628,0.195,-1,-1,8,7,-1
RTT,0,148410,b8:37:b2:69:56:b0,-65,30.558,0.3,-1,-1,8,7,-1
RTT,0,148410,b8:37:b2:6a:fa:20,-67,37.468,0.21,-1,-1,8,7,-1
LE,0,148410,51.5706029,13.0033916,1.5,4.30
RTT,0,149168,b8:37:b2:6c:e7:a0,-57,7.574,0.225,-1,-1,8,7,-1
RTT,0,149168,b8:37:b2:69:89:80,-59,16.386,0.12,-1,-1,8,7,-1
RTT,0,149168,b8:37:b2:6b:11:00,-60,27.152,0.075,-1,-1,8,7,-1
RTT,0,149168,b8:37:b2:6b:5d:80,-54,16.683,0.045,-1,-1,8,7,-1
RTT,0,149168,b8:37:b2:69:56:b0,-65,30.492,0.165,-1,-1,8,7,-1
RTT,0,149168,b8:37:b2:6a:fa:20,-67,37.464,0.225,-1,-1,8,7,-1
LE,0,149168,51.5706027,13.0033897,1.5,4.08
RTT,0,150098,b8:37:b2:6c:e7:a0,-57,7.644,0.195,-1,-1,8,7,-1
RTT,0,150098,b8:37:b2:69:89:80,-59,17.48,0.03,-1,-1,8,7,-1
RTT,0,150098,b8:37:b2:6b:11:00,-60,27.312,0.045,-1,-1,8,7,-1
RTT,0,150098,b8:37:b2:6b:5d:80,-55,16.765,0.15,-1,-1,8,7,-1
RTT,0,150098,b8:37:b2:6a:fa:20,-66,37.492,0.285,-1,-1,8,5,-1
LE,0,150098,51.570603,13.0033907,1.5,4.34
RTT,0,150853,b8:37:b2:6c:e7:a0,-57,7.652,0.15,-1,-1,8,7,-1
RTT,0,150853,b8:37:b2:69:89:80,-59,16.429,0.3,-1,-1,8,7,-1
RTT,0,150853,b8:37:b2:6b:11:00,-60,27.289,0.09,-1,-1,8,7,-1
RTT,0,150853,b8:37:b2:6b:5d:80,-55,16.496,0.3,-1,-1,8,7,-1
RTT,0,150853,b8:37:b2:69:56:b0,-65,30.117,0.195,-1,-1,8,7,-1
RTT,0,150853,b8:37:b2:6a:fa:20,-66,37.367,0.195,-1,-1,8,7,-1
LE,0,150853,51.5706025,13.0033887,1.5,4.19
RTT,0,151611,b8:37:b2:6c:e7:a0,-57,7.632,0.21,-1,-1,8,7,-1
RTT,0,151611,b8:37:b2:69:89:80,-59,16.753,0.33,-1,-1,8,7,-1
RTT,0,151611,b8:37:b2:6b:5d:80,-54,16.773,0.15,-1,-1,8,7,-1
RTT,0,151611,b8:37:b2:6b:11:00,-60,27.292,0.105,-1,-1,8,7,-1
RTT,0,151611,b8:37:b2:69:56:b0,-65,30.132,0.03,-1,-1,8,7,-1
RTT,0,151611,b8:37:b2:6a:fa:20,-67,37.218,0.18,-1,-1,8,7,-1
LE,0,151611,51.5706023,13.0033884,1.5,4.18
RTT,0,152372,b8:37:b2:6c:e7:a0,-57,7.73,0.165,-1,-1,8,7,-1
RTT,0,152372,b8:37:b2:69:89:80,-59,17.05,0.39,-1,-1,8,7,-1
RTT,0,152372,b8:37:b2:6b:5d:80,-55,16.601,0.21,-1,-1,8,7,-1
RTT,0,152372,b8:37:b2:6b:11:00,-60,27.351,0.12,-1,-1,8,7,-1
RTT,0,152372,b8:37:b2:69:56:b0,-65,30.027,0.105,-1,-1,8,7,-1
RTT,0,152372,b8:37:b2:6a:fa:20,-67,37.234,0.225,-1,-1,8,7,-1
LE,0,152372,51.5706022,13.0033886,1.5,4.31
RTT,0,153225,b8:37:b2:6c:e7:a0,-57,7.66,0.255,-1,-1,8,7,-1
RTT,0,153225,b8:37:b2:69:89:80,-59,17.324,0.12,-1,-1,8,7,-1
RTT,0,153225,b8:37:b2:6b:5d:80,-55,16.742,0.15,-1,-1,8,7,-1
RTT,0,153225,b8:37:b2:6b:11:00,-60,27.324,0.195,-1,-1,8,7,-1
RTT,0,153225,b8:37:b2:69:56:b0,-65,30.167,0.195,-1,-1,8,7,-1
RTT,0,153225,b8:37:b2:6a:fa:20,-67,37.222,0.06,-1,-1,8,7,-1
LE,0,153225,51.5706022,13.0033896,1.5,4.31
RTT,0,153982,b8:37:b2:6c:e7:a0,-58,7.425,0.315,-1,-1,8,7,-1
RTT,0,153982,b8:37:b2:69:89:80,-59,17.011,0.21,-1,-1,8,7,-1
RTT,0,153982,b8:37:b2:6b:11:00,-60,27.312,0.12,-1,-1,8,7,-1
RTT,0,153982,b8:37:b2:6b:5d:80,-55,16.652,0.24,-1,-1,8,7,-1
RTT,0,153982,b8:37:b2:69:56:b0,-66,29.988,0.15,-1,-1,8,7,-1
RTT,0,153982,b8:37:b2:6a:fa:20,-67,37.062,0.135,-1,-1,8,7,-1
LE,0,153982,51.5706018,13.0033897,1.5,4.27
RTT,0,154749,b8:37:b2:6c:e7:a0,-58,7.511,0.195,-1,-1,8,7,-1
RTT,0,154749,b8:37:b2:69:89:80,-59,16.5,0.27,-1,-1,8,7,-1
RTT,0,154749,b8:37:b2:6b:11:00,-60,27.386,0.09,-1,-1,8,7,-1
RTT,0,154749,b8:37:b2:6b:5d:80,-55,16.718,0.045,-1,-1,8,7,-1
RTT,0,154749,b8:37:b2:69:56:b0,-66,29.921,0.045,-1,-1,8,7,-1
RTT,0,154749,b8:37:b2:6a:fa:20,-67,37.277,0.195,-1,-1,8,7,-1
LE,0,154749,51.5706016,13.0033884,1.5,4.19
RTT,0,155505,b8:37:b2:6c:e7:a0,-57,7.964,0.255,-1,-1,8,7,-1
RTT,0,155505,b8:37:b2:69:89:80,-59,16.933,0.33,-1,-1,8,7,-1
RTT,0,155505,b8:37:b2:6b:5d:80,-55,16.527,0.18,-1,-1,8,7,-1
RTT,0,155505,b8:37:b2:6b:11:00,-60,27.222,0.135,-1,-1,8,7,-1
RTT,0,155505,b8:37:b2:69:56:b0,-65,30.062,0.105,-1,-1,8,7,-1
RTT,0,155505,b8:37:b2:6a:fa:20,-67,37.378,0.21,-1,-1,8,7,-1
LE,0,155505,51.5706017,13.0033881,1.5,4.28
RTT,0,156323,b8:37:b2:6c:e7:a0,-60,7.109,0.27,-1,-1,8,7,-1
RTT,0,156323,b8:37:b2:69:89:80,-59,17.73,0.315,-1,-1,8,7,-1
RTT,0,156323,b8:37:b2:6b:5d:80,-55,16.722,0.135,-1,-1,8,7,-1
RTT,0,156323,b8:37:b2:6b:11:00,-60,27.308,0.06,-1,-1,8,7,-1
RTT,0,156323,b8:37:b2:69:56:b0,-65,30.156,0.18,-1,-1,8,7,-1
RTT,0,156323,b8:37:b2:6a:fa:20,-67,37.23,0.24,-1,-1,8,7,-1
LE,0,156323,51.5706016,13.0033905,1.5,4.43
RTT,0,157080,b8:37:b2:6c:e7:a0,-57,7.738,0.195,-1,-1,8,7,-1
RTT,0,157080,b8:37:b2:69:89:80,-59,16.21,0.3,-1,-1,8,7,-1
RTT,0,157080,b8:37:b2:6b:11:00,-60,27.14,0.075,-1,-1,8,7,-1
RTT,0,157080,b8:37:b2:6b:5d:80,-55,16.703,0.15,-1,-1,8,7,-1
RTT,0,157080,b8:37:b2:69:56:b0,-65,29.82,0.225,-1,-1,8,7,-1
RTT,0,157080,b8:37:b2:6a:fa:20,-67,37.164,0.225,-1,-1,8,7,-1
LE,0,157080,51.5706012,13.0033885,1.5,4.07
RTT,0,157851,b8:37:b2:6c:e7:a0,-57,7.75,0.255,-1,-1,8,7,-1
RTT,0,157851,b8:37:b2:69:89:80,-59,18.277,0.27,-1,-1,8,7,-1
RTT,0,157851,b8:37:b2:6b:5d:80,-55,16.687,0.225,-1,-1,8,7,-1
RTT,0,157851,b8:37:b2:6b:11:00,-60,27.324,0.09,-1,-1,8,7,-1
RTT,0,157851,b8:37:b2:69:56:b0,-65,29.902,0.165,-1,-1,8,7,-1
RTT,0,157851,b8:37:b2:6a:fa:20,-67,37.425,0.12,-1,-1,8,7,-1
LE,0,157851,51.5706017,13.0033915,1.5,4.59
RTT,0,158620,b8:37:b2:6c:e7:a0,-57,7.738,0.195,-1,-1,8,7,-1
RTT,0,158620,b8:37:b2:69:89:80,-59,15.726,0.075,-1,-1,8,7,-1
RTT,0,158620,b8:37:b2:6b:11:00,-60,27.277,0.105,-1,-1,8,7,-1
RTT,0,158620,b8:37:b2:6b:5d:80,-55,16.734,0.15,-1,-1,8,7,-1
RTT,0,158620,b8:37:b2:69:56:b0,-65,30.042,0.09,-1,-1,8,7,-1
RTT,0,158620,b8:37:b2:6a:fa:20,-67,37.484,0.225,-1,-1,8,7,-1
LE,0,158620,51.5706015,13.0033878,1.5,3.99
RTT,0,159387,b8:37:b2:6c:e7:a0,-57,7.453,0.195,-1,-1,8,7,-1
RTT,0,159387,b8:37:b2:69:89:80,-59,15.996,0.435,-1,-1,8,7,-1
RTT,0,159387,b8:37:b2:6b:5d:80,-55,16.55,0.18,-1,-1,8,7,-1
RTT,0,159387,b8:37:b2:6b:11:00,-60,27.234,0.18,-1,-1,8,7,-1
RTT,0,159387,b8:37:b2:69:56:b0,-65,30.359,0.18,-1,-1,8,7,-1
RTT,0,159387,b8:37:b2:6a:fa:20,-67,37.445,0.18,-1,-1,8,7,-1
LE,0,159387,51.5706014,13.0033858,1.5,4.06
RTT,0,160150,b8:37:b2:6c:e7:a0,-58,7.48,0.24,-1,-1,8,7,-1
RTT,0,160150,b8:37:b2:69:89:80,-58,14.472,0.21,-1,-1,8,7,-1
RTT,0,160150,b8:37:b2:6b:5d:80,-55,16.738,0.195,-1,-1,8,7,-1
RTT,0,160150,b8:37:b2:6b:11:00,-60,27.382,0.09,-1,-1,8,7,-1
RTT,0,160150,b8:37:b2:69:56:b0,-66,30.019,0.075,-1,-1,8,7,-1
RTT,0,160150,b8:37:b2:6a:fa:20,-67,37.57,0.195,-1,-1,8,7,-1
LE,0,160150,51.5706009,13.0033808,1.5,3.76
RTT,0,160919,b8:37:b2:6c:e7:a0,-60,7.429,0.165,-1,-1,8,7,-1
RTT,0,160919,b8:37:b2:69:89:80,-60,17.824,0.39,-1,-1,8,7,-1
RTT,0,160919,b8:37:b2:6b:5d:80,-55,16.574,0.21,-1,-1,8,7,-1
RTT,0,160919,b8:37:b2:6b:11:00,-60,27.246,0.075,-1,-1,8,7,-1
RTT,0,160919,b8:37:b2:69:56:b0,-66,30.316,0.15,-1,-1,8,7,-1
RTT,0,160919,b8:37:b2:6a:fa:20,-67,37.304,0.165,-1,-1,8,7,-1
LE,0,160919,51.5706012,13.0033849,1.5,4.46
RTT,0,161692,b8:37:b2:6c:e7:a0,-61,7.902,0.255,-1,-1,8,7,-1
RTT,0,161692,b8:37:b2:69:89:80,-58,15.449,0.285,-1,-1,8,7,-1
RTT,0,161692,b8:37:b2:6b:5d:80,-56,16.566,0.18,-1,-1,8,7,-1
RTT,0,161692,b8:37:b2:6b:11:00,-60,27.101,0.135,-1,-1,8,7,-1
RTT,0,161692,b8:37:b2:69:56:b0,-65,29.328,0.105,-1,-1,8,7,-1
RTT,0,161692,b8:37:b2:6a:fa:20,-67,37.238,0.21,-1,-1,8,7,-1
LE,0,161692,51.5706005,13.0033821,1.5,3.99
RTT,0,162502,b8:37:b2:6c:e7:a0,-58,7.734,0.15,-1,-1,8,7,-1
RTT,0,162502,b8:37:b2:69:89:80,-59,16.523,0.24,-1,-1,8,7,-1
RTT,0,162502,b8:37:b2:6b:5d:80,-55,16.558,0.15,-1,-1,8,7,-1
RTT,0,162502,b8:37:b2:6b:11:00,-60,27.359,0.105,-1,-1,8,7,-1
RTT,0,162502,b8:37:b2:69:56:b0,-66,29.902,0.15,-1,-1,8,7,-1
RTT,0,162502,b8:37:b2:6a:fa:20,-67,37.171,0.285,-1,-1,8,7,-1
LE,0,162502,51.5706005,13.0033825,1.5,4.20
RTT,0,163267,b8:37:b2:6c:e7:a0,-57,7.753,0.12,-1,-1,8,7,-1
RTT,0,163267,b8:37:b2:69:89:80,-60,17.093,0.255,-1,-1,8,7,-1
RTT,0,163267,b8:37:b2:6b:5d:80,-55,16.777,0.105,-1,-1,8,7,-1
RTT,0,163267,b8:37:b2:6b:11:00,-60,27.226,0.135,-1,-1,8,7,-1
RTT,0,163267,b8:37:b2:69:56:b0,-65,29.621,0.24,-1,-1,8,7,-1
RTT,0,163267,b8:37:b2:6a:fa:20,-66,37.382,0.195,-1,-1,8,7,-1
LE,0,163267,51.5706007,13.0033844,1.5,4.32
RTT,0,164027,b8:37:b2:6c:e7:a0,-57,7.785,0.18,-1,-1,8,7,-1
RTT,0,164027,b8:37:b2:69:89:80,-60,27.925,0.255,-1,-1,8,7,-1
RTT,0,164027,b8:37:b2:6b:5d:80,-55,16.855,0.21,-1,-1,8,7,-1
RTT,0,164027,b8:37:b2:6b:11:00,-60,27.269,0.18,-1,-1,8,7,-1
RTT,0,164027,b8:37:b2:69:56:b0,-65,30.214,0.12,-1,-1,8,7,-1
RTT,0,164027,b8:37:b2:6a:fa:20,-68,36.886,0.195,-1,-1,8,7,-1
LE,0,164027,51.5706007,13.0034123,1.5,6.71
RTT,0,164796,b8:37:b2:6c:e7:a0,-57,7.832,0.165,-1,-1,8,7,-1
RTT,0,164796,b8:37:b2:69:89:80,-59,22.761,0.39,-1,-1,8,7,-1
RTT,0,164796,b8:37:b2:6b:11:00,-60,27.476,0.03,-1,-1,8,7,-1
RTT,0,164796,b8:37:b2:6b:5d:80,-55,16.765,0.12,-1,-1,8,7,-1
RTT,0,164796,b8:37:b2:69:56:b0,-66,29.781,0.24,-1,-1,8,7,-1
RTT,0,164796,b8:37:b2:6a:fa:20,-67,37.675,0.03,-1,-1,8,7,-1
LE,0,164796,51.5706018,13.0034201,1.5,5.67
RTT,0,165624,b8:37:b2:6c:e7:a0,-58,7.699,0.195,-1,-1,8,7,-1
RTT,0,165624,b8:37:b2:69:89:80,-60,22.917,0.27,-1,-1,8,7,-1
RTT,0,165624,b8:37:b2:6b:11:00,-60,27.402,0.03,-1,-1,8,7,-1
RTT,0,165624,b8:37:b2:69:56:b0,-66,30.187,0.21,-1,-1,8,7,-1
RTT,0,165624,b8:37:b2:6a:fa:20,-67,37.367,0.225,-1,-1,8,7,-1
LE,0,165624,51.5706026,13.0034267,1.5,5.62
RTT,0,166388,b8:37:b2:6c:e7:a0,-57,7.691,0.24,-1,-1,8,7,-1
RTT,0,166388,b8:37:b2:69:89:80,-59,15.195,0.195,-1,-1,8,7,-1
RTT,0,166388,b8:37:b2:6b:11:00,-60,27.273,0.21,-1,-1,8,7,-1
RTT,0,166388,b8:37:b2:6b:5d:80,-55,16.757,0.09,-1,-1,8,7,-1
RTT,0,166388,b8:37:b2:69:56:b0,-66,29.429,0.165,-1,-1,8,7,-1
RTT,0,166388,b8:37:b2:6a:fa:20,-67,37.574,0.135,-1,-1,8,7,-1
LE,0,166388,51.5706017,13.0034129,1.5,3.96
RTT,0,167160,b8:37:b2:6c:e7:a0,-57,7.769,0.135,-1,-1,8,7,-1
RTT,0,167160,b8:37:b2:69:89:80,-59,20.519,0.45,-1,-1,8,7,-1
RTT,0,167160,b8:37:b2:6b:11:00,-60,27.296,0.105,-1,-1,8,7,-1
RTT,0,167160,b8:37:b2:6b:5d:80,-55,16.902,0.12,-1,-1,8,7,-1
RTT,0,167160,b8:37:b2:69:56:b0,-65,29.613,0.15,-1,-1,8,7,-1
RTT,0,167160,b8:37:b2:6a:fa:20,-67,37.402,0.24,-1,-1,8,7,-1
LE,0,167160,51.5706022,13.0034156,1.5,5.08
RTT,0,167908,b8:37:b2:69:89:80,-59,16.886,0.24,-1,-1,8,7,-1
RTT,0,167908,b8:37:b2:6b:11:00,-60,27.074,0.06,-1,-1,8,7,-1
RTT,0,167908,b8:37:b2:6b:5d:80,-55,16.636,0.225,-1,-1,8,7,-1
RTT,0,167908,b8:37:b2:69:56:b0,-65,29.519,0.09,-1,-1,8,7,-1
RTT,0,167908,b8:37:b2:6a:fa:20,-67,37.421,0.18,-1,-1,8,7,-1
LE,0,167908,51.5705721,13.0033298,1.5,2.83
RTT,0,168764,b8:37:b2:69:89:80,-59,14.113,0.315,-1,-1,8,7,-1
RTT,0,168764,b8:37:b2:6c:e7:a0,-58,7.71,0.285,-1,-1,8,7,-1
RTT,0,168764,b8:37:b2:6b:5d:80,-55,16.601,0.225,-1,-1,8,7,-1
RTT,0,168764,b8:37:b2:6b:11:00,-60,27.085,0.12,-1,-1,8,7,-1
RTT,0,168764,b8:37:b2:69:56:b0,-65,29.429,0.24,-1,-1,8,7,-1
RTT,0,168764,b8:37:b2:6a:fa:20,-67,37.21,0.165,-1,-1,8,7,-1
LE,0,168764,51.5705782,13.003338,1.5,3.67
RTT,0,169527,b8:37:b2:69:89:80,-60,16.57,0.105,-1,-1,8,7,-1
RTT,0,169527,b8:37:b2:6c:e7:a0,-61,7.867,0.105,-1,-1,8,7,-1
RTT,0,169527,b8:37:b2:6b:5d:80,-55,16.582,0.06,-1,-1,8,7,-1
RTT,0,169527,b8:37:b2:6b:11:00,-60,27.066,0.105,-1,-1,8,7,-1
RTT,0,169527,b8:37:b2:69:56:b0,-65,29.238,0.21,-1,-1,8,7,-1
RTT,0,169527,b8:37:b2:6a:fa:20,-67,37.222,0.18,-1,-1,8,7,-1
LE,0,169527,51.5705835,13.0033497,1.5,4.24
RTT,0,170298,b8:37:b2:6c:e7:a0,-60,7.242,0.03,-1,-1,8,7,-1
RTT,0,170298,b8:37:b2:69:89:80,-59,25.347,0.24,-1,-1,8,7,-1
RTT,0,170298,b8:37:b2:6b:5d:80,-55,16.578,0.255,-1,-1,8,7,-1
RTT,0,170298,b8:37:b2:6b:11:00,-60,27.375,0.135,-1,-1,8,7,-1
RTT,0,170298,b8:37:b2:69:56:b0,-65,29.808,0.18,-1,-1,8,7,-1
RTT,0,170298,b8:37:b2:6a:fa:20,-67,37.402,0.315,-1,-1,8,7,-1
LE,0,170298,51.5705881,13.0033791,1.5,6.30
RTT,0,171055,b8:37:b2:6c:e7:a0,-58,7.562,0.255,-1,-1,8,7,-1
RTT,0,171055,b8:37:b2:69:89:80,-59,15.894,0.3,-1,-1,8,7,-1
RTT,0,171055,b8:37:b2:6b:5d:80,-55,16.636,0.15,-1,-1,8,7,-1
RTT,0,171055,b8:37:b2:6b:11:00,-60,27.476,0.135,-1,-1,8,7,-1
RTT,0,171055,b8:37:b2:69:56:b0,-65,29.945,0.105,-1,-1,8,7,-1
RTT,0,171055,b8:37:b2:6a:fa:20,-67,37.332,0.21,-1,-1,8,7,-1
LE,0,171055,51.5705912,13.0033788,1.5,4.09
RTT,0,171894,b8:37:b2:6c:e7:a0,-57,7.632,0.03,-1,-1,8,7,-1
RTT,0,171894,b8:37:b2:69:89:80,-59,14.988,0.15,-1,-1,8,7,-1
RTT,0,171894,b8:37:b2:6b:5d:80,-55,16.609,0.24,-1,-1,8,7,-1
RTT,0,171894,b8:37:b2:6b:11:00,-60,27.292,0.09,-1,-1,8,7,-1
RTT,0,171894,b8:37:b2:69:56:b0,-66,30.007,0.165,-1,-1,8,7,-1
RTT,0,171894,b8:37:b2:6a:fa:20,-67,36.968,0.03,-1,-1,8,7,-1
LE,0,171894,51.5705931,13.0033769,1.5,3.81
RTT,0,172642,b8:37:b2:6c:e7:a0,-57,7.562,0.315,-1,-1,8,7,-1
RTT,0,172642,b8:37:b2:69:89:80,-59,17.148,0.24,-1,-1,8,7,-1
RTT,0,172642,b8:37:b2:6b:5d:80,-55,16.519,0.21,-1,-1,8,7,-1
RTT,0,172642,b8:37:b2:6b:11:00,-60,27.164,0.075,-1,-1,8,7,-1
RTT,0,172642,b8:37:b2:69:56:b0,-66,29.703,0.135,-1,-1,8,7,-1
RTT,0,172642,b8:37:b2:6a:fa:20,-67,37.406,0.27,-1,-1,8,7,-1
LE,0,172642,51.570595,13.0033802,1.5,4.38
RTT,0,173399,b8:37:b2:6c:e7:a0,-57,7.636,0.315,-1,-1,8,7,-1
RTT,0,173399,b8:37:b2:69:89:80,-60,21.05,0.24,-1,-1,8,7,-1
RTT,0,173399,b8:37:b2:6b:5d:80,-54,16.511,0.12,-1,-1,8,7,-1
RTT,0,173399,b8:37:b2:6b:11:00,-60,27.324,0.105,-1,-1,8,7,-1
RTT,0,173399,b8:37:b2:69:56:b0,-65,30.097,0.165,-1,-1,8,7,-1
RTT,0,173399,b8:37:b2:6a:fa:20,-67,37.378,0.15,-1,-1,8,7,-1
LE,0,173399,51.5705973,13.003392,1.5,5.25
RTT,0,174164,b8:37:b2:6c:e7:a0,-57,7.234,0.03,-1,-1,8,7,-1
RTT,0,174164,b8:37:b2:69:89:80,-60,21.566,0.375,-1,-1,8,7,-1
RTT,0,174164,b8:37:b2:6b:11:00,-60,27.191,0.09,-1,-1,8,7,-1
RTT,0,174164,b8:37:b2:6b:5d:80,-55,16.511,0.255,-1,-1,8,7,-1
RTT,0,174164,b8:37:b2:69:56:b0,-65,29.152,0.225,-1,-1,8,7,-1
RTT,0,174164,b8:37:b2:6a:fa:20,-67,37.242,0.21,-1,-1,8,7,-1
LE,0,174164,51.5705981,13.0034022,1.5,5.45
RTT,0,175014,b8:37:b2:6c:e7:a0,-57,7.375,0.21,-1,-1,8,7,-1
RTT,0,175014,b8:37:b2:69:89:80,-60,17.546,0.3,-1,-1,8,7,-1
RTT,0,175014,b8:37:b2:6b:11:00,-60,27.398,0.09,-1,-1,8,7,-1
RTT,0,175014,b8:37:b2:6b:5d:80,-55,16.683,0.18,-1,-1,8,7,-1
RTT,0,175014,b8:37:b2:69:56:b0,-65,31.261,0.21,-1,-1,8,7,-1
RTT,0,175014,b8:37:b2:6a:fa:20,-67,37.48,0.285,-1,-1,8,7,-1
LE,0,175014,51.5705998,13.0034004,1.5,4.33
RTT,0,175767,b8:37:b2:6c:e7:a0,-57,7.476,0.3,-1,-1,8,7,-1
RTT,0,175767,b8:37:b2:69:89:80,-59,18.113,0.36,-1,-1,8,7,-1
RTT,0,175767,b8:37:b2:6b:11:00,-60,27.16,0.135,-1,-1,8,7,-1
RTT,0,175767,b8:37:b2:6b:5d:80,-55,16.531,0.12,-1,-1,8,7,-1
RTT,0,175767,b8:37:b2:69:56:b0,-66,30.765,0.255,-1,-1,8,7,-1
RTT,0,175767,b8:37:b2:6a:fa:20,-67,37.363,0.27,-1,-1,8,7,-1
LE,0,175767,51.5706007,13.0034004,1.5,4.48
RTT,0,176529,b8:37:b2:6c:e7:a0,-57,7.625,0.12,-1,-1,8,7,-1
RTT,0,176529,b8:37:b2:69:89:80,-59,16.339,0.345,-1,-1,8,7,-1
RTT,0,176529,b8:37:b2:6b:11:00,-60,27.359,0.12,-1,-1,8,7,-1
RTT,0,176529,b8:37:b2:6b:5d:80,-55,16.703,0.195,-1,-1,8,7,-1
RTT,0,176529,b8:37:b2:69:56:b0,-65,30.707,0.21,-1,-1,8,7,-1
RTT,0,176529,b8:37:b2:6a:fa:20,-67,37.265,0.195,-1,-1,8,7,-1
LE,0,176529,51.5706012,13.0033962,1.5,4.06
RTT,0,177288,b8:37:b2:6c:e7:a0,-57,7.566,0.18,-1,-1,8,7,-1
RTT,0,177288,b8:37:b2:69:89:80,-59,17.015,0.09,-1,-1,8,7,-1
RTT,0,177288,b8:37:b2:6b:11:00,-60,27.347,0.15,-1,-1,8,7,-1
RTT,0,177288,b8:37:b2:6b:5d:80,-55,16.511,0.09,-1,-1,8,7,-1
RTT,0,177288,b8:37:b2:69:56:b0,-65,30.824,0.255,-1,-1,8,7,-1
RTT,0,177288,b8:37:b2:6a:fa:20,-67,37.039,0.135,-1,-1,8,7,-1
LE,0,177288,51.5706015,13.0033946,1.5,4.22
RTT,0,178053,b8:37:b2:6c:e7:a0,-57,7.773,0.165,-1,-1,8,7,-1
RTT,0,178053,b8:37:b2:69:89:80,-59,15.343,0.33,-1,-1,8,7,-1
RTT,0,178053,b8:37:b2:6b:11:00,-61,27.328,0.075,-1,-1,8,7,-1
RTT,0,178053,b8:37:b2:6b:5d:80,-56,16.421,0.315,-1,-1,8,7,-1
RTT,0,178053,b8:37:b2:69:56:b0,-65,31.113,0.135,-1,-1,8,7,-1
RTT,0,178053,b8:37:b2:6a:fa:20,-68,37.128,0.195,-1,-1,8,7,-1
LE,0,178053,51.5706016,13.0033893,1.5,3.84
RTT,0,178823,b8:37:b2:6c:e7:a0,-57,7.46,0.18,-1,-1,8,7,-1
RTT,0,178823,b8:37:b2:69:89:80,-59,16.574,0.225,-1,-1,8,7,-1
RTT,0,178823,b8:37:b2:6b:11:00,-61,27.175,0.15,-1,-1,8,7,-1
RTT,0,178823,b8:37:b2:6b:5d:80,-55,16.722,0.165,-1,-1,8,7,-1
RTT,0,178823,b8:37:b2:69:56:b0,-65,30.816,0.27,-1,-1,8,7,-1
RTT,0,178823,b8:37:b2:6a:fa:20,-67,37.167,0.135,-1,-1,8,7,-1
LE,0,178823,51.5706018,13.0033888,1.5,4.06
RTT,0,179588,b8:37:b2:6c:e7:a0,-58,7.582,0.24,-1,-1,8,7,-1
RTT,0,179588,b8:37:b2:69:89:80,-59,15.64,0.03,-1,-1,8,7,-1
RTT,0,179588,b8:37:b2:6b:5d:80,-55,16.75,0.15,-1,-1,8,7,-1
RTT,0,179588,b8:37:b2:6b:11:00,-60,27.449,0.12,-1,-1,8,7,-1
RTT,0,179588,b8:37:b2:69:56:b0,-65,30.652,0.24,-1,-1,8,7,-1
RTT,0,179588,b8:37:b2:6a:fa:20,-67,37.085,0.09,-1,-1,8,7,-1
LE,0,179588,51.5706017,13.003386,1.5,3.89
RTT,0,180346,b8:37:b2:6c:e7:a0,-57,7.824,0.18,-1,-1,8,7,-1
RTT,0,180346,b8:37:b2:69:89:80,-59,17.753,0.39,-1,-1,8,7,-1
RTT,0,180346,b8:37:b2:6b:5d:80,-55,16.73,0.09,-1,-1,8,7,-1
RTT,0,180346,b8:37:b2:6b:11:00,-60,27.316,0.105,-1,-1,8,7,-1
RTT,0,180346,b8:37:b2:69:56:b0,-65,30.558,0.15,-1,-1,8,7,-1
RTT,0,180346,b8:37:b2:6a:fa:20,-67,37.281,0.105,-1,-1,8,7,-1
LE,0,180346,51.5706023,13.0033886,1.5,4.37
RTT,0,181112,b8:37:b2:6c:e7:a0,-58,7.339,0.21,-1,-1,8,7,-1
RTT,0,181112,b8:37:b2:69:89:80,-59,18.64,0.3,-1,-1,8,7,-1
RTT,0,181112,b8:37:b2:6b:5d:80,-55,16.593,0.15,-1,-1,8,7,-1
RTT,0,181112,b8:37:b2:6b:11:00,-60,27.23,0.09,-1,-1,8,7,-1
RTT,0,181112,b8:37:b2:69:56:b0,-66,30.804,0.255,-1,-1,8,7,-1
RTT,0,181112,b8:37:b2:6a:fa:20,-67,37.437,0.21,-1,-1,8,7,-1
LE,0,181112,51.5706027,13.0033928,1.5,4.61
RTT,0,181875,b8:37:b2:6c:e7:a0,-56,7.8,0.3,-1,-1,8,7,-1
RTT,0,181875,b8:37:b2:69:89:80,-59,19.039,0.15,-1,-1,8,7,-1
RTT,0,181875,b8:37:b2:6b:11:00,-60,27.132,0.12,-1,-1,8,7,-1
RTT,0,181875,b8:37:b2:6b:5d:80,-56,16.394,0.27,-1,-1,8,7,-1
RTT,0,181875,b8:37:b2:69:56:b0,-65,29.281,0.15,-1,-1,8,7,-1
RTT,0,181875,b8:37:b2:6a:fa:20,-67,37.429,0.225,-1,-1,8,7,-1
LE,0,181875,51.5706024,13.0033963,1.5,4.88
RTT,0,182636,b8:37:b2:6c:e7:a0,-58,7.917,0.15,-1,-1,8,7,-1
RTT,0,182636,b8:37:b2:69:89:80,-59,19.679,0.18,-1,-1,8,7,-1
RTT,0,182636,b8:37:b2:6b:11:00,-60,27.281,0.09,-1,-1,8,7,-1
RTT,0,182636,b8:37:b2:6b:5d:80,-56,16.234,0.09,-1,-1,8,7,-1
RTT,0,182636,b8:37:b2:6a:fa:20,-67,37.386,0.105,-1,-1,8,7,-1
LE,0,182636,51.5706023,13.0034002,1.5,5.08
RTT,0,183407,b8:37:b2:6c:e7:a0,-55,7.738,0.195,-1,-1,8,7,-1
RTT,0,183407,b8:37:b2:69:89:80,-59,14.148,0.255,-1,-1,8,7,-1
RTT,0,183407,b8:37:b2:6b:11:00,-60,27.277,0.195,-1,-1,8,7,-1
RTT,0,183407,b8:37:b2:6b:5d:80,-55,16.71,0.15,-1,-1,8,7,-1
RTT,0,183407,b8:37:b2:69:56:b0,-65,30.734,0.3,-1,-1,8,7,-1
RTT,0,183407,b8:37:b2:6a:fa:20,-66,37.031,0.195,-1,-1,8,7,-1
LE,0,183407,51.5706016,13.0033912,1.5,3.52
RTT,0,184164,b8:37:b2:6c:e7:a0,-55,6.968,0.21,-1,-1,8,7,-1
RTT,0,184164,b8:37:b2:69:89:80,-55,11.042,0.315,-1,-1,8,7,-1
RTT,0,184164,b8:37:b2:6b:11:00,-59,27.609,0.18,-1,-1,8,7,-1
RTT,0,184164,b8:37:b2:6b:5d:80,-58,19.796,0.135,-1,-1,8,7,-1
RTT,0,184164,b8:37:b2:69:56:b0,-60,28.894,0.135,-1,-1,8,7,-1
RTT,0,184164,b8:37:b2:6a:fa:20,-66,44.062,0.195,-1,-1,8,7,-1
LE,0,184164,51.5706037,13.0033763,1.5,4.43
RTT,0,184919,b8:37:b2:6c:e7:a0,-66,7.101,0.15,-1,-1,8,7,-1
RTT,0,184919,b8:37:b2:69:89:80,-70,14.187,0.15,-1,-1,8,7,-1
RTT,0,184919,b8:37:b2:6b:5d:80,-68,17.722,0.18,-1,-1,8,7,-1
RTT,0,184919,b8:37:b2:6b:11:00,-77,36.769,0.33,-1,-1,8,7,-1
RTT,0,184919,b8:37:b2:69:56:b0,-79,36.468,0.27,-1,-1,8,7,-1
RTT,0,184919,b8:37:b2:6a:fa:20,-76,36.468,0.285,-1,-1,8,7,-1
LE,0,184919,51.5706095,13.0033647,1.5,5.63
